valid,1.0
unique@1000,1.0
unique@10000,1.0
FCD/Test,8.706936012181785
SNN/Test,0.33479232647890844
Scaf/Test,0.2129998052562937
IntDiv,0.8807486993594733
IntDiv2,0.8760849300361834
Filters,0.48833333333333334
logP,0.23633045207395362
SA,0.9984948100449563
QED,0.05249408060870175
weight,6.196672906146274
Novelty,1.0
