valid,1.0
unique@1000,1.0
unique@10000,1.0
FCD/Test,8.599681569989947
SNN/Test,0.33300156015654403
Scaf/Test,0.1816431648789295
IntDiv,0.8829827505367597
IntDiv2,0.8782835878834102
Filters,0.47783333333333333
logP,0.2719486408494778
SA,1.0692287134507557
QED,0.021397723168651996
weight,9.476813415784909
Novelty,1.0
