valid,1.0
unique@1000,1.0
unique@10000,1.0
FCD/Test,9.459997034121741
SNN/Test,0.3286684228728215
Scaf/Test,0.1798700849635726
IntDiv,0.8829587441097365
IntDiv2,0.8783121435452407
Filters,0.45966666666666667
logP,0.2404196849488739
SA,1.1474325822323497
QED,0.04572826179482729
weight,8.089083655598499
Novelty,1.0
