valid,1.0
unique@1000,1.0
unique@10000,1.0
FCD/Test,9.179810625819371
SNN/Test,0.3279953359980136
Scaf/Test,0.16335632803312117
IntDiv,0.8841267689731551
IntDiv2,0.8794811814377947
Filters,0.468
logP,0.4792845253278374
SA,1.0917607592767842
QED,0.03107604281188091
weight,9.92369519716218
Novelty,1.0
