valid,1.0
unique@1000,1.0
unique@10000,1.0
FCD/Test,9.242458257158326
SNN/Test,0.3313990637237827
Scaf/Test,0.2068659335004005
IntDiv,0.8827899074541198
IntDiv2,0.8780331442674989
Filters,0.457
logP,0.29664969044565503
SA,1.0499580415694818
QED,0.036818731107692806
weight,7.981303146963386
Novelty,1.0
