valid,1.0
unique@1000,1.0
unique@10000,1.0
FCD/Test,0.9459112959352183
SNN/Test,0.4847060455319782
Scaf/Test,0.35905922977087634
FCD/TestSF,7.312637880174265
SNN/TestSF,0.4037122531471153
Frag/TestSF,0.9563069590953677
Scaf/TestSF,0.027778561168325666
IntDiv,0.8699594202497105
IntDiv2,0.8643801875480118
Filters,0.8423333333333334
logP,0.31408451266205817
SA,0.011800274025580862
QED,0.03737627503093535
weight,21.348518926181217
Novelty,1.0
