valid,1.0
unique@1000,1.0
unique@10000,1.0
FCD/Test,1.3187403033556109
SNN/Test,0.4881941484510899
Scaf/Test,0.3993901819401615
FCD/TestSF,8.112477064940094
SNN/TestSF,0.4062675404225787
Frag/TestSF,0.9444268675924686
Scaf/TestSF,0.08604073049569305
IntDiv,0.8682007021961212
IntDiv2,0.8623367623156599
Filters,0.8415
logP,0.05927535699307247
SA,0.10726264044386724
QED,0.014406609980849142
weight,12.837157700046852
Novelty,1.0
