valid,1.0
unique@1000,1.0
unique@10000,1.0
FCD/Test,1.400980135449288
SNN/Test,0.3902691052928567
Scaf/Test,0.22128467938024088
IntDiv,0.8712307907241715
IntDiv2,0.8660011926047191
Filters,0.8041666666666667
logP,0.12074410102094411
SA,0.15420439760621224
QED,0.01313325634341549
weight,6.0831755927674
Novelty,1.0
