valid,1.0
unique@1000,1.0
unique@10000,1.0
FCD/Test,1.3811184456908023
SNN/Test,0.3974620888096591
Scaf/Test,0.22576279154858003
IntDiv,0.87119514122955
IntDiv2,0.8658196884410589
Filters,0.8143333333333334
logP,0.1108266987182311
SA,0.10722846031082697
QED,0.00509183387905697
weight,7.020699511174504
Novelty,1.0
