valid,1.0
unique@1000,1.0
unique@10000,1.0
FCD/Test,6.6889630641156685
SNN/Test,0.36547044099494813
Scaf/Test,0.2171644512257921
IntDiv,0.8784084944804509
IntDiv2,0.8737469019853373
Filters,0.5636666666666666
logP,0.5145639111716295
SA,0.8823413491639208
QED,0.02293848162739846
weight,4.634688835854975
Novelty,1.0
