valid,1.0
unique@1000,1.0
unique@10000,1.0
FCD/Test,5.9336659482990655
SNN/Test,0.36847893753647804
Scaf/Test,0.2448548204611415
IntDiv,0.8804419126587444
IntDiv2,0.8757114669248841
Filters,0.5518333333333333
logP,0.3901239558400291
SA,0.8299693427112474
QED,0.02370100069674875
weight,2.794800286271646
Novelty,1.0
