valid,1.0
unique@1000,1.0
unique@10000,1.0
FCD/Test,5.575426752771932
SNN/Test,0.38271223623678086
Scaf/Test,0.3081037806598561
IntDiv,0.8776167524971035
IntDiv2,0.8726035694985123
Filters,0.591
logP,0.13760214539826274
SA,0.6382774453508235
QED,0.03365607541234245
weight,7.334488025967633
Novelty,1.0
