valid,1.0
unique@1000,1.0
FCD/Test,1.3600501737875987
SNN/Test,0.44158161666058005
Scaf/Test,0.3428051221124062
IntDiv,0.8737190893182671
IntDiv2,0.8677302505796439
Filters,0.8386666666666667
logP,0.2454355401540495
SA,0.039936179920556
QED,0.03902076932307436
weight,37.174305334789494
Novelty,1.0
