valid,1.0
unique@1000,1.0
FCD/Test,1.3177791908762515
SNN/Test,0.44006839002420506
Scaf/Test,0.3170179459812017
IntDiv,0.8746847363660866
IntDiv2,0.8686938051016816
Filters,0.8368333333333333
logP,0.2353357708256063
SA,0.018652287144730384
QED,0.03307920785813496
weight,37.468606953657925
Novelty,1.0
