valid,1.0
unique@1000,1.0
FCD/Test,1.2956908189964054
SNN/Test,0.4449771393580983
Scaf/Test,0.31122440061473444
IntDiv,0.8754655341132349
IntDiv2,0.869397332588366
Filters,0.8365
logP,0.2927137870617347
SA,0.02451913253174152
QED,0.046416572913719305
weight,41.13270749628342
Novelty,1.0
