valid,1.0
unique@1000,1.0
FCD/Test,1.4862701146174686
SNN/Test,0.4380249322249244
Scaf/Test,0.34538122204527166
IntDiv,0.8741337344334837
IntDiv2,0.8681761435426696
Filters,0.8298333333333333
logP,0.3147708888824589
SA,0.0379674619068903
QED,0.030320385474972532
weight,37.534502233132734
Novelty,1.0
