valid,1.0
unique@1000,1.0
FCD/Test,1.4279173522459985
SNN/Test,0.44290138081709546
Scaf/Test,0.3680652801205526
IntDiv,0.875707166175935
IntDiv2,0.8696521975730549
Filters,0.8101666666666667
logP,0.25858205904820036
SA,0.03163057007668059
QED,0.04335550874915806
weight,41.747506993692454
Novelty,1.0
