valid,1.0
unique@1000,1.0
unique@10000,1.0
FCD/Test,1.285131062958655
SNN/Test,0.405313064823548
Scaf/Test,0.18262307793465404
IntDiv,0.8694810561096403
IntDiv2,0.8641366861930422
Filters,0.8318333333333333
logP,0.0990218112612296
SA,0.12003393151965215
QED,0.009612794342799493
weight,8.119550754441608
Novelty,1.0
