valid,1.0
unique@1000,1.0
unique@10000,1.0
FCD/Test,1.2089396804432937
SNN/Test,0.41042981020112834
Scaf/Test,0.27001854163924965
IntDiv,0.8697137738909722
IntDiv2,0.8641979260365293
Filters,0.8388333333333333
logP,0.06758635735009969
SA,0.04843848075355409
QED,0.015095534075783368
weight,12.845117168122814
Novelty,1.0
