valid,1.0
unique@1000,1.0
unique@10000,1.0
FCD/Test,1.2495187033683806
SNN/Test,0.40713660897811255
Scaf/Test,0.24017325526199107
IntDiv,0.8702570601234834
IntDiv2,0.8647434886550445
Filters,0.8151666666666667
logP,0.11459613495044553
SA,0.05067243492145041
QED,0.01349333003835527
weight,8.861984125184524
Novelty,1.0
