valid,1.0
unique@1000,1.0
unique@10000,1.0
FCD/Test,5.442572438459322
SNN/Test,0.38361562497913837
Scaf/Test,0.27301941006076
IntDiv,0.8798574856152535
IntDiv2,0.8748975010561437
Filters,0.5808333333333333
logP,0.17364716819873746
SA,0.6996784207564244
QED,0.019660234415546474
weight,8.999466161381442
Novelty,1.0
