valid,1.0
unique@1000,1.0
unique@10000,1.0
FCD/Test,5.256111730336144
SNN/Test,0.3801343102455139
Scaf/Test,0.315079157768686
IntDiv,0.8786713765852187
IntDiv2,0.873820073738315
Filters,0.5841666666666666
logP,0.25348180238745044
SA,0.7036213838373898
QED,0.01741046605737565
weight,4.250581175230094
Novelty,1.0
