valid,1.0
unique@1000,1.0
unique@10000,1.0
FCD/Test,5.478625208156728
SNN/Test,0.373613933665057
Scaf/Test,0.2181657866305401
IntDiv,0.8797438984341092
IntDiv2,0.8749317140995524
Filters,0.5735
logP,0.3261579655261714
SA,0.7496704603808787
QED,0.016892561291776312
weight,4.5159075461246285
Novelty,1.0
