valid,1.0
unique@1000,1.0
unique@10000,1.0
FCD/Test,5.677836193481994
SNN/Test,0.3741452096104622
Scaf/Test,0.2507735864069578
IntDiv,0.8782140845913291
IntDiv2,0.8734931633546206
Filters,0.584
logP,0.14292958856109184
SA,0.7662582368882895
QED,0.02449863197409055
weight,2.481113290949772
Novelty,1.0
