valid,1.0
unique@1000,1.0
FCD/Test,1.6338958290617853
SNN/Test,0.4075801637247205
Scaf/Test,0.27832134073325276
IntDiv,0.8740800410973761
IntDiv2,0.8682053417622502
Filters,0.8166666666666667
logP,0.1928343232275676
SA,0.031479749766281824
QED,0.03461229943976045
weight,32.63731482702577
Novelty,1.0
