valid,1.0
unique@1000,1.0
FCD/Test,1.640889676744493
SNN/Test,0.41077337353179855
Scaf/Test,0.29995236916654955
IntDiv,0.87425085748545
IntDiv2,0.8681664499750151
Filters,0.8295
logP,0.12941776276983236
SA,0.03866474564194189
QED,0.025321939531633236
weight,34.30525449628341
Novelty,1.0
