valid,1.0
unique@1000,1.0
FCD/Test,1.66819583413249
SNN/Test,0.40441868055115143
Scaf/Test,0.26960224062189075
IntDiv,0.8734845336646206
IntDiv2,0.8675779218016149
Filters,0.8083333333333333
logP,0.12512059706318276
SA,0.04736048525920778
QED,0.017352085370775816
weight,27.485800399799395
Novelty,1.0
