valid,1.0
unique@1000,1.0
FCD/Test,1.7120761795747086
SNN/Test,0.4091590701149156
Scaf/Test,0.31613711282811696
IntDiv,0.8746223092068004
IntDiv2,0.8686699981814642
Filters,0.8266666666666667
logP,0.1490132730519539
SA,0.040483352019641504
QED,0.025054385240800024
weight,37.23121066812283
Novelty,1.0
