valid,1.0
unique@1000,1.0
FCD/Test,1.6672891161115615
SNN/Test,0.4014875138904899
Scaf/Test,0.3063207666558081
IntDiv,0.876149564012991
IntDiv2,0.8702414610304086
Filters,0.8235
logP,0.24198246799857678
SA,0.06561718226977603
QED,0.033742426652965674
weight,34.48037612032459
Novelty,1.0
