valid,1.0
unique@1000,1.0
unique@10000,1.0
FCD/Test,1.2652041618113685
SNN/Test,0.4336409445827206
Scaf/Test,0.337724997428284
IntDiv,0.869769283923573
IntDiv2,0.8639343500834908
Filters,0.8478333333333333
logP,0.11704646371910929
SA,0.07888472457430537
QED,0.038544739705156525
weight,25.295951807877948
Novelty,1.0
