valid,1.0
unique@1000,1.0
FCD/Test,0.6890091001827301
SNN/Test,0.5485771487982323
Scaf/Test,0.6274805528504751
IntDiv,0.8590256848299405
IntDiv2,0.8529572289925319
Filters,0.96
logP,0.13143095566891033
SA,0.16123297576301807
QED,0.01450070556226168
weight,2.6266177825535264
Novelty,0.9878333333333333
