valid,1.0
unique@1000,1.0
FCD/Test,0.612074901107377
SNN/Test,0.5510649958420545
Scaf/Test,0.652795377742926
IntDiv,0.8585456391918613
IntDiv2,0.8524870627032839
Filters,0.95
logP,0.0412358647947013
SA,0.1660787222565969
QED,0.016720992094792667
weight,3.220662873851781
Novelty,0.9868333333333333
