valid,1.0
unique@1000,1.0
FCD/Test,0.5798372550819977
SNN/Test,0.5487126524088284
Scaf/Test,0.6742451138240259
IntDiv,0.8608313176271137
IntDiv2,0.8545667690346093
Filters,0.949
logP,0.0625715270121445
SA,0.16520937219468473
QED,0.011456714414914112
weight,3.5202542482526025
Novelty,0.987
