valid,1.0
unique@1000,1.0
FCD/Test,0.6265091853180564
SNN/Test,0.5552695243588338
Scaf/Test,0.6517243825955866
IntDiv,0.8586097326882242
IntDiv2,0.8524170506521105
Filters,0.9538333333333333
logP,0.11687605322867058
SA,0.12650598360736245
QED,0.014057765540703562
weight,2.933049257864558
Novelty,0.9841666666666666
