valid,1.0
unique@1000,1.0
FCD/Test,0.6824766572165402
SNN/Test,0.5501411643692603
Scaf/Test,0.6581996671070772
IntDiv,0.8589540807062913
IntDiv2,0.8528058198930794
Filters,0.9521666666666667
logP,0.09318261949101443
SA,0.1663712498051748
QED,0.012449268525703503
weight,3.282527498413537
Novelty,0.9855
