valid,1.0
unique@1000,1.0
unique@10000,1.0
FCD/Test,6.0165277858539525
SNN/Test,0.3648625097945333
Scaf/Test,0.18138057844366606
IntDiv,0.8790786889192793
IntDiv2,0.8744014925534884
Filters,0.5878333333333333
logP,0.2751850378629943
SA,0.7388563097173243
QED,0.02759436791595576
weight,4.760063490693051
Novelty,1.0
