valid,1.0
unique@1000,1.0
unique@10000,1.0
FCD/Test,5.836328720735494
SNN/Test,0.37195186857879164
Scaf/Test,0.30249658021386727
IntDiv,0.8803056718873448
IntDiv2,0.8755099877728111
Filters,0.5933333333333334
logP,0.12201009819148777
SA,0.7709086435655522
QED,0.036680606813124725
weight,2.4191833698821674
Novelty,1.0
