valid,1.0
unique@1000,1.0
unique@10000,1.0
FCD/Test,7.7925709306195685
SNN/Test,0.34771307185168066
Scaf/Test,0.2910628095232475
IntDiv,0.8811266640503407
IntDiv2,0.8764275903482516
Filters,0.5188333333333334
logP,0.5507878099154372
SA,0.8485897601774155
QED,0.06429347654166596
weight,13.27652558782733
Novelty,1.0
