valid,1.0
unique@1000,1.0
unique@10000,1.0
FCD/Test,8.719627815120369
SNN/Test,0.3428430890366435
Scaf/Test,0.12102561908230003
IntDiv,0.8835597128624386
IntDiv2,0.8787405156966432
Filters,0.48783333333333334
logP,1.0632575467817482
SA,1.0958041940410617
QED,0.018625832356251877
weight,18.949791668122806
Novelty,1.0
