valid,1.0
unique@1000,1.0
unique@10000,1.0
FCD/Test,6.423459914382214
SNN/Test,0.371145534435908
Scaf/Test,0.32729831974213086
IntDiv,0.8822440528934796
IntDiv2,0.8770194924072352
Filters,0.6013333333333334
logP,0.1420822080276686
SA,0.7284943312341123
QED,0.03319463565295605
weight,26.7278005992869
Novelty,1.0
