valid,1.0
unique@1000,1.0
unique@10000,1.0
FCD/Test,0.7248075737134627
SNN/Test,0.5077206341164807
Scaf/Test,0.38571326844408804
FCD/TestSF,8.53727588162144
SNN/TestSF,0.40193293133253855
Frag/TestSF,0.9393676276062615
Scaf/TestSF,0.03075490717269669
IntDiv,0.8686426463817424
IntDiv2,0.8629638082990283
Filters,0.8461666666666666
logP,0.17705172378165915
SA,0.08288201678021392
QED,0.00296061884000379
weight,6.537431960721509
Novelty,1.0
