valid,1.0
unique@1000,1.0
unique@10000,1.0
FCD/Test,0.6720910123266179
SNN/Test,0.5143177314201991
Scaf/Test,0.4023685187448125
FCD/TestSF,8.534028417157671
SNN/TestSF,0.4019572264601787
Frag/TestSF,0.9419773862263465
Scaf/TestSF,0.03239698932940227
IntDiv,0.8703165604127248
IntDiv2,0.8646161008742019
Filters,0.8403333333333334
logP,0.07732984986384035
SA,0.058425621425506585
QED,0.008943527143582266
weight,7.086333921087065
Novelty,1.0
