valid,1.0
unique@1000,1.0
unique@10000,1.0
FCD/Test,0.631975359529207
SNN/Test,0.5109117904355128
Scaf/Test,0.35379721652467666
FCD/TestSF,8.632743726827684
SNN/TestSF,0.40135671345392865
Frag/TestSF,0.9537356096654944
Scaf/TestSF,0.02480046904445088
IntDiv,0.869143502368927
IntDiv2,0.86361539281235
Filters,0.8495
logP,0.03474225482719008
SA,0.025135007795003855
QED,0.010727352401372977
weight,5.653186623426379
Novelty,1.0
