valid,1.0
unique@1000,1.0
FCD/Test,0.6427619826217921
SNN/Test,0.5371858017326643
Scaf/Test,0.6593840254261937
IntDiv,0.8607936538796408
IntDiv2,0.8546290082999783
Filters,0.9431666666666667
logP,0.10572686674836974
SA,0.1823661371001015
QED,0.01965174742552777
weight,4.137579166695068
Novelty,0.9903333333333333
