valid,1.0
unique@1000,1.0
FCD/Test,0.6592311778916695
SNN/Test,0.5405537846578906
Scaf/Test,0.6179737414664165
IntDiv,0.8607124232456369
IntDiv2,0.8544776715449856
Filters,0.9511666666666667
logP,0.04960991549659347
SA,0.17698899875333826
QED,0.01150522843772784
weight,3.977782269999923
Novelty,0.989
