valid,1.0
unique@1000,1.0
FCD/Test,0.6298701153606601
SNN/Test,0.5410030567701906
Scaf/Test,0.6826090510923905
IntDiv,0.859490585727767
IntDiv2,0.8533870923681239
Filters,0.949
logP,0.05246752598692623
SA,0.14791002352464977
QED,0.018068606445081962
weight,4.105449210766281
Novelty,0.9898333333333333
