valid,1.0
unique@1000,1.0
FCD/Test,0.6897768952159993
SNN/Test,0.5426237356321265
Scaf/Test,0.658975069051478
IntDiv,0.8611016988708087
IntDiv2,0.8548579433758496
Filters,0.9503333333333334
logP,0.07862805587156448
SA,0.1460787880468223
QED,0.014005683048031082
weight,6.927201360953487
Novelty,0.989
