valid,1.0
unique@1000,1.0
FCD/Test,0.6476439048811642
SNN/Test,0.5371599300919722
Scaf/Test,0.6399014144049868
IntDiv,0.8607642286161838
IntDiv2,0.8545494587843847
Filters,0.9416666666666667
logP,0.08217094949128544
SA,0.18056661676204053
QED,0.017515934775487144
weight,4.7582043996641215
Novelty,0.9923333333333333
