valid,1.0
unique@1000,1.0
unique@10000,1.0
FCD/Test,0.7308196290963309
SNN/Test,0.47171499400834244
Scaf/Test,0.36610621694481726
IntDiv,0.8694961768754323
IntDiv2,0.8640211915319106
Filters,0.8445
logP,0.12161144584783673
SA,0.022711077214771648
QED,0.015519287033230248
weight,10.789663703534476
Novelty,1.0
