valid,1.0
unique@1000,1.0
unique@10000,1.0
FCD/Test,0.8629559791981904
SNN/Test,0.47281468339761096
Scaf/Test,0.3660041017242407
IntDiv,0.8687923019694223
IntDiv2,0.8633506229357679
Filters,0.8428333333333333
logP,0.11296249933575102
SA,0.026052794771464893
QED,0.016399000960174544
weight,4.894681551246494
Novelty,1.0
