valid,1.0
unique@1000,1.0
unique@10000,1.0
FCD/Test,0.895534726710352
SNN/Test,0.47323474783202013
Scaf/Test,0.40184686793646374
IntDiv,0.8727827349804772
IntDiv2,0.8671379076405732
Filters,0.8396666666666667
logP,0.06640469438039523
SA,0.033065155410689426
QED,0.018290015221830595
weight,13.355139390552546
Novelty,1.0
