valid,1.0
unique@1000,1.0
unique@10000,1.0
FCD/Test,0.7554154589269615
SNN/Test,0.4765638133436441
Scaf/Test,0.3526926633933404
IntDiv,0.8697251707896126
IntDiv2,0.8642562787299386
Filters,0.8515
logP,0.08056585013858743
SA,0.04134347626375393
QED,0.00422209461601866
weight,6.2710458748956075
Novelty,1.0
