valid,1.0
unique@1000,1.0
unique@10000,1.0
FCD/Test,0.7403276107702794
SNN/Test,0.4798054760992527
Scaf/Test,0.3896575771831903
IntDiv,0.8682790273100536
IntDiv2,0.8627774398848675
Filters,0.8435
logP,0.13215732496634755
SA,0.053395762281236776
QED,0.008129095948209956
weight,5.86571673313272
Novelty,1.0
