valid,1.0
unique@1000,1.0
unique@10000,1.0
FCD/Test,0.7419054401707257
SNN/Test,0.5038381025965015
Scaf/Test,0.3807919416326684
IntDiv,0.869876891058286
IntDiv2,0.8643684268124489
Filters,0.8425
logP,0.25728967883580073
SA,0.06074455984022354
QED,0.007581358653099228
weight,5.1826348579828565
Novelty,1.0
