valid,1.0
unique@1000,1.0
unique@10000,1.0
FCD/Test,0.7729989014555656
SNN/Test,0.49111579738060634
Scaf/Test,0.34788013742113133
IntDiv,0.8659608251789941
IntDiv2,0.8608081839824253
Filters,0.8408333333333333
logP,0.1339845055385596
SA,0.0760075460577455
QED,0.02522472911348118
weight,13.964224762080104
Novelty,1.0
