valid,1.0
unique@1000,1.0
FCD/Test,0.863898213886614
SNN/Test,0.48229873736202716
Scaf/Test,0.3881230678320615
IntDiv,0.8674812094725503
IntDiv2,0.8619202319622499
Filters,0.8616666666666667
logP,0.05250463362607597
SA,0.060340494038875106
QED,0.00823920554197464
weight,5.262248892429228
Novelty,1.0
