valid,1.0
unique@1000,1.0
FCD/Test,0.9880039631343749
SNN/Test,0.47120741769919794
Scaf/Test,0.34158931571744144
IntDiv,0.8680884265047709
IntDiv2,0.8626148381822616
Filters,0.8468333333333333
logP,0.08913539704964334
SA,0.05150025697058998
QED,0.014901706523132061
weight,2.2852634185527094
Novelty,1.0
