valid,1.0
unique@1000,1.0
FCD/Test,1.1464467562463767
SNN/Test,0.48672144282857577
Scaf/Test,0.3800448955152004
IntDiv,0.867692326660792
IntDiv2,0.8619639363148383
Filters,0.8468333333333333
logP,0.2008576830042009
SA,0.11667383914435686
QED,0.00870448610366051
weight,7.8552054541285905
Novelty,1.0
