valid,1.0
unique@1000,1.0
FCD/Test,0.9069402736017906
SNN/Test,0.4856687070056796
Scaf/Test,0.37109861264137634
IntDiv,0.8688166958982679
IntDiv2,0.8631448839558249
Filters,0.8476666666666667
logP,0.05308801338392339
SA,0.07305472713080827
QED,0.009428908210555866
weight,4.477463301884569
Novelty,1.0
