valid,1.0
unique@1000,1.0
FCD/Test,1.1500731670451358
SNN/Test,0.4846077165976167
Scaf/Test,0.3881044720059511
IntDiv,0.8694829544831382
IntDiv2,0.863729158922307
Filters,0.8535
logP,0.1974855165274694
SA,0.13701263478030437
QED,0.00627252693910044
weight,11.906129707952447
Novelty,1.0
