valid,1.0
unique@1000,1.0
unique@10000,1.0
FCD/Test,10.325534008541368
SNN/Test,0.32811590965340537
Scaf/Test,0.1848190400890094
IntDiv,0.8851460336226358
IntDiv2,0.8801566575868008
Filters,0.4605
logP,0.3494643000334913
SA,0.9745887834593265
QED,0.025679206738909725
weight,22.20505483478949
Novelty,1.0
