valid,1.0
unique@1000,1.0
unique@10000,1.0
FCD/Test,0.8751500987333714
SNN/Test,0.43429438475022714
Scaf/Test,0.32660252591212746
IntDiv,0.8705415322974523
IntDiv2,0.865056801325978
Filters,0.8348333333333333
logP,0.1220825815261075
SA,0.0242801666673599
QED,0.005274556443299869
weight,5.307235023034681
Novelty,1.0
