valid,1.0
unique@1000,1.0
unique@10000,1.0
FCD/Test,0.944499327496743
SNN/Test,0.4282993615716696
Scaf/Test,0.2070962347248555
IntDiv,0.8714033293948703
IntDiv2,0.8658363182547505
Filters,0.844
logP,0.07267399745075749
SA,0.06676225921212478
QED,0.010805146453567826
weight,8.675923001456137
Novelty,1.0
