valid,1.0
unique@1000,1.0
unique@10000,1.0
FCD/Test,0.9100023441638143
SNN/Test,0.42438978294407326
Scaf/Test,0.23543950069414799
IntDiv,0.8717573514747885
IntDiv2,0.8664429046094466
Filters,0.842
logP,0.06487742633906061
SA,0.1514721264084252
QED,0.003623917196400387
weight,2.906038991078325
Novelty,1.0
