valid,1.0
unique@1000,1.0
unique@10000,1.0
FCD/Test,0.8505016616634009
SNN/Test,0.4381821184332172
Scaf/Test,0.30253074111715883
IntDiv,0.8714478101012972
IntDiv2,0.8659296084361325
Filters,0.8395
logP,0.1344560022065929
SA,0.030844531653125753
QED,0.008646672196587808
weight,8.2366006983488
Novelty,1.0
