valid,1.0
unique@1000,1.0
unique@10000,1.0
FCD/Test,0.35916623495313615
SNN/Test,0.62094744754831
Scaf/Test,0.7255313703509673
IntDiv,0.8568952698862288
IntDiv2,0.8506740642419494
Filters,0.9936666666666667
logP,0.082589106010487
SA,0.05408399624494468
QED,0.005972160192201994
weight,3.864752083640132
Novelty,1.0
