valid,1.0
unique@1000,1.0
unique@10000,1.0
FCD/Test,0.39920501437214284
SNN/Test,0.6177541244477034
Scaf/Test,0.7424169425593672
IntDiv,0.8542036575535668
IntDiv2,0.8482124161932328
Filters,0.9925
logP,0.05737123481540677
SA,0.034379881316650776
QED,0.015293885704364907
weight,3.5979153829996884
Novelty,1.0
