valid,1.0
unique@1000,1.0
unique@10000,1.0
FCD/Test,0.3053307395046403
SNN/Test,0.625713183566928
Scaf/Test,0.7711802740210291
IntDiv,0.8558910377057394
IntDiv2,0.8496569320121783
Filters,0.9923333333333333
logP,0.0887494288338252
SA,0.0259198061667175
QED,0.006034937018111486
weight,3.8968550914237956
Novelty,1.0
