valid,1.0
unique@1000,1.0
unique@10000,1.0
FCD/Test,0.3012794027671646
SNN/Test,0.6193549113074939
Scaf/Test,0.7446872790640462
IntDiv,0.856022666317198
IntDiv2,0.8499021648018086
Filters,0.9921666666666666
logP,0.06387229358823929
SA,0.046905483171495545
QED,0.007897584389290224
weight,3.916607530135106
Novelty,1.0
