valid,1.0
unique@1000,1.0
unique@10000,1.0
FCD/Test,0.28499172531311956
SNN/Test,0.6275423205892245
Scaf/Test,0.7531289493615567
IntDiv,0.8560239589158164
IntDiv2,0.8497800848913292
Filters,0.9931666666666666
logP,0.10874023845943741
SA,0.02353453586019114
QED,0.006194186470177674
weight,3.1419046393959835
Novelty,1.0
