valid,1.0
unique@1000,1.0
unique@10000,1.0
FCD/Test,11.115017555709308
SNN/Test,0.31818421682715414
Scaf/Test,0.15421480633118367
IntDiv,0.8859462658707831
IntDiv2,0.8812137744840762
Filters,0.37433333333333335
logP,0.2726231581914029
SA,1.2315066226028866
QED,0.03560385553650032
weight,8.771921369077244
Novelty,1.0
