valid,1.0
unique@1000,1.0
unique@10000,1.0
FCD/Test,9.582256988676932
SNN/Test,0.322073814034462
Scaf/Test,0.15205462159599348
IntDiv,0.882970256020599
IntDiv2,0.8785743681215141
Filters,0.44533333333333336
logP,0.35275168540418006
SA,1.205624530810991
QED,0.09837530780591835
weight,25.83865543324459
Novelty,1.0
