valid,1.0
unique@1000,1.0
unique@10000,1.0
FCD/Test,9.16149446035999
SNN/Test,0.3335043418332934
Scaf/Test,0.20247251273752376
IntDiv,0.8839389685677422
IntDiv2,0.879177078394896
Filters,0.467
logP,0.15675714589291198
SA,1.048189572970361
QED,0.03162178619450609
weight,10.389957871998753
Novelty,1.0
