valid,1.0
unique@1000,1.0
unique@10000,1.0
FCD/Test,0.7033123226149911
SNN/Test,0.48083368977159263
Scaf/Test,0.28495595116142347
IntDiv,0.8672853267567953
IntDiv2,0.8620058680552988
Filters,0.832
logP,0.11225886057006276
SA,0.03999731631087515
QED,0.02431371460745732
weight,10.645197364298035
Novelty,1.0
