valid,1.0
unique@1000,1.0
FCD/Test,2.0550854349648233
SNN/Test,0.40460283127054575
Scaf/Test,0.33340238767822494
IntDiv,0.8731230457048151
IntDiv2,0.8673660054399814
Filters,0.8046666666666666
logP,0.20202391087437518
SA,0.09237999622120383
QED,0.019442002864223488
weight,24.57592782961672
Novelty,1.0
