valid,1.0
unique@1000,1.0
FCD/Test,1.7549436344046683
SNN/Test,0.4280860672251632
Scaf/Test,0.3211576364261073
IntDiv,0.8740995015057135
IntDiv2,0.8680404651047268
Filters,0.8223333333333334
logP,0.6424030200554491
SA,0.04201196876859332
QED,0.06698552831361863
weight,50.63584033478951
Novelty,1.0
