valid,1.0
unique@1000,1.0
FCD/Test,2.096390657017565
SNN/Test,0.4322487699339787
Scaf/Test,0.28362954293320697
IntDiv,0.8768828801472832
IntDiv2,0.8703877519840043
Filters,0.8436666666666667
logP,0.39991603154313465
SA,0.07017803736426356
QED,0.0870496543910739
weight,57.350969066466085
Novelty,1.0
