valid,1.0
unique@1000,1.0
FCD/Test,2.744159212660975
SNN/Test,0.41095691595971584
Scaf/Test,0.3969871122250983
IntDiv,0.8727144448268322
IntDiv2,0.8666792367602276
Filters,0.775
logP,0.25629895332934294
SA,0.054571589206982914
QED,0.013592691515257299
weight,34.62425095365791
Novelty,1.0
