valid,1.0
unique@1000,1.0
FCD/Test,1.9760620814862762
SNN/Test,0.43733937742499013
Scaf/Test,0.3018598519781045
IntDiv,0.870756970547734
IntDiv2,0.8645356491081514
Filters,0.846
logP,0.11467776769513281
SA,0.16009378851477588
QED,0.04832247019179224
weight,46.813372160359116
Novelty,1.0
