valid,1.0
unique@1000,1.0
unique@10000,1.0
FCD/Test,1.3269057992751243
SNN/Test,0.3995792540460825
Scaf/Test,0.20204601211544926
IntDiv,0.8688983978633351
IntDiv2,0.8635480165632252
Filters,0.8135
logP,0.12488936143615928
SA,0.09549144746446486
QED,0.01277949042987479
weight,5.880854326119717
Novelty,1.0
