valid,1.0
unique@1000,1.0
unique@10000,1.0
FCD/Test,1.2368532762461228
SNN/Test,0.3988285576204459
Scaf/Test,0.25129486948630997
IntDiv,0.8711091564248403
IntDiv2,0.8657298857659765
Filters,0.8223333333333334
logP,0.07550206414952813
SA,0.10664127786978092
QED,0.008928260604291733
weight,8.67519678344359
Novelty,1.0
