valid,1.0
unique@1000,1.0
unique@10000,1.0
FCD/Test,0.3004877274222366
SNN/Test,0.6171202821383873
Scaf/Test,0.7356155074417543
IntDiv,0.8569647940058178
IntDiv2,0.8507889598471141
Filters,0.9928333333333333
logP,0.08530194636743624
SA,0.04991363631561408
QED,0.010281761388193192
weight,3.5950819995206635
Novelty,1.0
