valid,1.0
unique@1000,1.0
unique@10000,1.0
FCD/Test,0.30052990106260324
SNN/Test,0.6237791733493407
Scaf/Test,0.7570610303355912
IntDiv,0.8569921568000581
IntDiv2,0.8507745190882638
Filters,0.9928333333333333
logP,0.1719123282081459
SA,0.03796587321775716
QED,0.005001774852732894
weight,4.962089634228676
Novelty,1.0
