valid,1.0
unique@1000,1.0
unique@10000,1.0
FCD/Test,0.32240458514039005
SNN/Test,0.6218275336846709
Scaf/Test,0.7778443620321971
IntDiv,0.8549939643217723
IntDiv2,0.8488916056871751
Filters,0.9913333333333333
logP,0.11949773405594327
SA,0.030712773975785302
QED,0.008867930200359224
weight,3.873440004619987
Novelty,1.0
