valid,1.0
unique@1000,1.0
unique@10000,1.0
FCD/Test,0.34596667954599525
SNN/Test,0.6215354345987241
Scaf/Test,0.752921133242955
IntDiv,0.8546822363755968
IntDiv2,0.8485550074223768
Filters,0.9926666666666667
logP,0.06746189263649148
SA,0.038541889631658256
QED,0.006110072905212647
weight,4.609951200946809
Novelty,1.0
