valid,1.0
unique@1000,1.0
unique@10000,1.0
FCD/Test,0.35104512500286944
SNN/Test,0.6244955394268036
Scaf/Test,0.7446467864516473
IntDiv,0.8549780663138495
IntDiv2,0.8487972795975796
Filters,0.9926666666666667
logP,0.09728549164552248
SA,0.03448317943038775
QED,0.004407853177748124
weight,3.7597065620064116
Novelty,1.0
