valid,1.0
unique@1000,1.0
unique@10000,1.0
FCD/Test,0.8799153042964178
SNN/Test,0.4666915789445241
Scaf/Test,0.3270266112251179
IntDiv,0.8682407361685435
IntDiv2,0.8627785736681096
Filters,0.837
logP,0.05403767430008441
SA,0.017712073335852986
QED,0.00469874075146904
weight,1.5268264655042278
Novelty,1.0
