valid,1.0
unique@1000,1.0
unique@10000,1.0
FCD/Test,0.8130723600580154
SNN/Test,0.4782853833933671
Scaf/Test,0.38252339624816956
IntDiv,0.8691752757181591
IntDiv2,0.8635150794311057
Filters,0.8443333333333334
logP,0.09830262122576021
SA,0.08101685480009146
QED,0.017620005695540276
weight,14.11407183478948
Novelty,1.0
