valid,1.0
unique@1000,1.0
unique@10000,1.0
FCD/Test,0.7637426632584834
SNN/Test,0.4733370811659843
Scaf/Test,0.34423004580740235
IntDiv,0.8675435670497665
IntDiv2,0.862128884151185
Filters,0.8276666666666667
logP,0.07325767881029618
SA,0.03340745083906127
QED,0.006020463082714158
weight,2.199024466143845
Novelty,1.0
