valid,1.0
unique@1000,1.0
unique@10000,1.0
FCD/Test,0.8417146058347384
SNN/Test,0.5459539291908344
Scaf/Test,0.7201688143286383
FCD/TestSF,1.4332827725546764
SNN/TestSF,0.5232956616828839
Frag/TestSF,0.9957205754286175
Scaf/TestSF,0.13994553948401645
IntDiv,0.8574707358529303
IntDiv2,0.8514052998042789
Filters,0.942
logP,0.12928139323184196
SA,0.17218951374532074
QED,0.020644153212027234
weight,4.469198341824084
Novelty,1.0
