valid,1.0
unique@1000,1.0
unique@10000,1.0
FCD/Test,0.8894074969216064
SNN/Test,0.5378605594336987
Scaf/Test,0.649535913498794
FCD/TestSF,1.401215480365238
SNN/TestSF,0.5153611407826344
Frag/TestSF,0.9959769966526776
Scaf/TestSF,0.1687523064634986
IntDiv,0.8616901421520445
IntDiv2,0.85564317603242
Filters,0.9323333333333333
logP,0.17975679697791852
SA,0.22843954326798555
QED,0.026123789189773903
weight,4.734855291025368
Novelty,1.0
