valid,1.0
unique@1000,1.0
unique@10000,1.0
FCD/Test,0.8286614308955222
SNN/Test,0.5452322143514952
Scaf/Test,0.6955542227780592
FCD/TestSF,1.3848376902696202
SNN/TestSF,0.5230241131236156
Frag/TestSF,0.9946634845652443
Scaf/TestSF,0.1606136242368572
IntDiv,0.8580542399937312
IntDiv2,0.8520229630592708
Filters,0.94
logP,0.17999592726071628
SA,0.17840278564872383
QED,0.019027675201116527
weight,3.4160569454888305
Novelty,1.0
