valid,1.0
unique@1000,1.0
unique@10000,1.0
FCD/Test,0.8533243737181806
SNN/Test,0.5432947315176329
Scaf/Test,0.6911351144723297
FCD/TestSF,1.4195526832533858
SNN/TestSF,0.5200421266108751
Frag/TestSF,0.9951354636848381
Scaf/TestSF,0.15544679150022267
IntDiv,0.8594862700389226
IntDiv2,0.8533743678778878
Filters,0.9428333333333333
logP,0.14655856205775236
SA,0.19910941143765404
QED,0.021471154197558788
weight,3.08441222429774
Novelty,1.0
