valid,1.0
unique@1000,1.0
unique@10000,1.0
FCD/Test,0.8162714473058941
SNN/Test,0.5442125242650508
Scaf/Test,0.7481264993339883
FCD/TestSF,1.3876728143730759
SNN/TestSF,0.5205206448286772
Frag/TestSF,0.9920677332416332
Scaf/TestSF,0.15234203312237038
IntDiv,0.8590377037675115
IntDiv2,0.8528495348808306
Filters,0.9375
logP,0.11335676750548074
SA,0.17279600983124188
QED,0.021685436497368666
weight,5.111340103257723
Novelty,1.0
