valid,1.0
unique@1000,1.0
unique@10000,1.0
FCD/Test,0.8751482150254049
SNN/Test,0.43624434250593186
Scaf/Test,0.29822050885618334
IntDiv,0.8700721577209897
IntDiv2,0.8645123454089382
Filters,0.8361666666666666
logP,0.09864400140630371
SA,0.037518585486621764
QED,0.01174909774275172
weight,9.417255954454554
Novelty,1.0
