valid,1.0
unique@1000,1.0
unique@10000,1.0
FCD/Test,0.7159252674439784
SNN/Test,0.5585053115338087
Scaf/Test,0.6947234120931933
FCD/TestSF,1.1895367319032886
SNN/TestSF,0.5340249699590107
Frag/TestSF,0.9974744385549393
Scaf/TestSF,0.1554664088489135
IntDiv,0.860363370849053
IntDiv2,0.8542308979898858
Filters,0.95
logP,0.11063426997271986
SA,0.1756040781730489
QED,0.01891050413903096
weight,2.6965556253980356
Novelty,1.0
