valid,1.0
unique@1000,1.0
unique@10000,1.0
FCD/Test,0.5349318503853908
SNN/Test,0.5592687949731946
Scaf/Test,0.8829068600433927
FCD/TestSF,0.9962543826241728
SNN/TestSF,0.5353409761980176
Frag/TestSF,1.0
Scaf/TestSF,0.1989251242304374
IntDiv,0.8592015212847985
IntDiv2,0.8534531524946403
Filters,0.9498666666666666
logP,0.11746549506187938
SA,0.17173630482574315
QED,0.016956688750841924
weight,3.315724114673758
Novelty,1.0
