valid,1.0
unique@1000,1.0
unique@10000,1.0
FCD/Test,0.5397702956306745
SNN/Test,0.5573984732468923
Scaf/Test,0.877254008968957
FCD/TestSF,1.013470134722155
SNN/TestSF,0.5341060551164051
Frag/TestSF,1.0
Scaf/TestSF,0.20957817770903775
IntDiv,0.8602770754025268
IntDiv2,0.8544695485448348
Filters,0.9453666666666667
logP,0.11310696995612081
SA,0.17504329251756906
QED,0.0169902953368252
weight,2.7609195000477094
Novelty,1.0
