valid,1.0
unique@1000,1.0
unique@10000,1.0
FCD/Test,0.7021572659836721
SNN/Test,0.5601561438391606
Scaf/Test,0.6992547540293498
FCD/TestSF,1.1684226909248139
SNN/TestSF,0.5357973330964645
Frag/TestSF,0.9957609915110874
Scaf/TestSF,0.20054234040935282
IntDiv,0.8603501103803317
IntDiv2,0.8540623464591046
Filters,0.9488333333333333
logP,0.09602453018957945
SA,0.16426351717969656
QED,0.015163323717700523
weight,2.689290264207097
Novelty,1.0
