valid,1.0
unique@1000,1.0
unique@10000,1.0
FCD/Test,0.7324096244143163
SNN/Test,0.5550343083292246
Scaf/Test,0.7084806776348994
FCD/TestSF,1.2317670999078132
SNN/TestSF,0.5287908159742752
Frag/TestSF,0.9954748831507739
Scaf/TestSF,0.15559930848012715
IntDiv,0.8610021200820075
IntDiv2,0.8548839032528834
Filters,0.943
logP,0.1055914802928883
SA,0.18071395312088082
QED,0.020876037748572523
weight,5.322760717669847
Novelty,1.0
