valid,1.0
unique@1000,1.0
unique@10000,1.0
FCD/Test,0.6516435621227714
SNN/Test,0.560602725977699
Scaf/Test,0.7230513482393892
FCD/TestSF,1.1765797757567498
SNN/TestSF,0.5338697416583696
Frag/TestSF,0.9976232611821046
Scaf/TestSF,0.1698835351675484
IntDiv,0.8592593801773389
IntDiv2,0.8531847252230592
Filters,0.952
logP,0.12091832681187085
SA,0.16731484353824605
QED,0.015966608149841636
weight,3.39307631830367
Novelty,1.0
