valid,1.0
unique@1000,1.0
unique@10000,1.0
FCD/Test,0.760598996653826
SNN/Test,0.5561504556288321
Scaf/Test,0.7047344006903016
FCD/TestSF,1.2913464159053092
SNN/TestSF,0.5310883513217171
Frag/TestSF,0.9959815326990528
Scaf/TestSF,0.17951382688032225
IntDiv,0.8622406326861382
IntDiv2,0.8559557659852279
Filters,0.9483333333333334
logP,0.12368490068399278
SA,0.17445442487333493
QED,0.01808570431028578
weight,3.11434966955939
Novelty,1.0
