valid,1.0
unique@1000,1.0
unique@10000,1.0
FCD/Test,0.5467193983251804
SNN/Test,0.5596435220894714
Scaf/Test,0.8814242752480929
FCD/TestSF,1.0087035556412332
SNN/TestSF,0.5354572899013758
Frag/TestSF,1.0
Scaf/TestSF,0.20706833521558576
IntDiv,0.8602682871709442
IntDiv2,0.8543657013867246
Filters,0.9478333333333333
logP,0.09558373755742858
SA,0.16832545905609314
QED,0.013919781630286501
weight,2.944301175817746
Novelty,1.0
