valid,1.0
unique@1000,1.0
unique@10000,1.0
FCD/Test,0.5505362335138813
SNN/Test,0.5564946183726192
Scaf/Test,0.8704951924240998
FCD/TestSF,1.0590541008005232
SNN/TestSF,0.5311592969767749
Frag/TestSF,1.0
Scaf/TestSF,0.21399046667045019
IntDiv,0.8624428602787103
IntDiv2,0.8565158811016537
Filters,0.9467333333333333
logP,0.12999226701317257
SA,0.17384052134775385
QED,0.017515014818428556
weight,2.759551721965766
Novelty,1.0
