valid,1.0
unique@1000,1.0
unique@10000,1.0
FCD/Test,0.5861001509716743
SNN/Test,0.5542327573041121
Scaf/Test,0.8674740797983401
FCD/TestSF,1.0869177039698457
SNN/TestSF,0.5290336369857193
Frag/TestSF,1.0
Scaf/TestSF,0.21399893345715237
IntDiv,0.8615823974605645
IntDiv2,0.8558040800339537
Filters,0.9419
logP,0.10808337211187727
SA,0.18424987106235627
QED,0.021173294359874677
weight,5.055456831115331
Novelty,1.0
