valid,1.0
unique@1000,1.0
unique@10000,1.0
FCD/Test,7.474304733469381
SNN/Test,0.3313084037626783
Scaf/Test,0.21060765196643128
IntDiv,0.8845965131214459
IntDiv2,0.8799408389894269
Filters,0.5395
logP,0.29988040694016466
SA,0.9784226829483741
QED,0.030217461036124237
weight,15.140938827025767
Novelty,1.0
