valid,1.0
unique@1000,1.0
unique@10000,1.0
FCD/Test,1.3922243855974301
SNN/Test,0.5265889534366628
Scaf/Test,0.7219768721095922
FCD/TestSF,2.0043360149042826
SNN/TestSF,0.5032279889956117
Frag/TestSF,0.9952994660742728
Scaf/TestSF,0.15195834701925393
IntDiv,0.8603091214464771
IntDiv2,0.8542291207094252
Filters,0.9176666666666666
logP,0.09756456052428719
SA,0.28160155087850824
QED,0.0264431649144655
weight,3.643146768850979
Novelty,1.0
