valid,1.0
unique@1000,1.0
unique@10000,1.0
FCD/Test,1.3485641816021285
SNN/Test,0.5204021247215569
Scaf/Test,0.670423164328821
FCD/TestSF,1.9102832278277049
SNN/TestSF,0.4980962991106013
Frag/TestSF,0.9924563633296232
Scaf/TestSF,0.15651229416899937
IntDiv,0.86340370583068
IntDiv2,0.8572962719672867
Filters,0.9006666666666666
logP,0.13270512143464314
SA,0.29762843249336246
QED,0.027668701708826342
weight,4.173315049176296
Novelty,1.0
