valid,1.0
unique@1000,1.0
unique@10000,1.0
FCD/Test,1.347860868921913
SNN/Test,0.5215048645188411
Scaf/Test,0.7201813305820816
FCD/TestSF,1.9598276676407806
SNN/TestSF,0.5013858379224936
Frag/TestSF,0.9936694001869186
Scaf/TestSF,0.12557352748274264
IntDiv,0.8608128878922993
IntDiv2,0.8547690777719564
Filters,0.9023333333333333
logP,0.11424782453169319
SA,0.29171397117524717
QED,0.027503108668293006
weight,6.072795702801098
Novelty,1.0
