valid,1.0
unique@1000,1.0
unique@10000,1.0
FCD/Test,1.4617459910309094
SNN/Test,0.5192150448511044
Scaf/Test,0.6979222837876099
FCD/TestSF,2.0832916470496485
SNN/TestSF,0.49984158262610434
Frag/TestSF,0.995946097134618
Scaf/TestSF,0.11967552125593706
IntDiv,0.8612524714746476
IntDiv2,0.8552274804078005
Filters,0.9
logP,0.11222843804991087
SA,0.31758573210439284
QED,0.030796485710997978
weight,7.854043836125723
Novelty,1.0
