valid,1.0
unique@1000,1.0
unique@10000,1.0
FCD/Test,1.3257065620313995
SNN/Test,0.5212444452519218
Scaf/Test,0.6962304514863675
FCD/TestSF,1.9852904229105377
SNN/TestSF,0.4988728904252251
Frag/TestSF,0.9943250103596771
Scaf/TestSF,0.12772461733187168
IntDiv,0.8640479328514206
IntDiv2,0.8578842903278456
Filters,0.9158333333333334
logP,0.2727069219660864
SA,0.31092697933035984
QED,0.022814198417590456
weight,4.612247150849452
Novelty,1.0
