valid,1.0
unique@1000,1.0
FCD/Test,1.6588069386935445
SNN/Test,0.40870158242372173
Scaf/Test,0.2584373966457689
IntDiv,0.8751632370829459
IntDiv2,0.8693295265893566
Filters,0.8285
logP,0.2283543379153551
SA,0.03976955192546438
QED,0.030823273399842175
weight,34.68598699369244
Novelty,1.0
