valid,1.0
unique@1000,1.0
FCD/Test,1.6575149156821993
SNN/Test,0.4171370873649915
Scaf/Test,0.3011404561692319
IntDiv,0.8736622473302285
IntDiv2,0.8675483259905826
Filters,0.818
logP,0.15388675883670982
SA,0.05227522054931648
QED,0.025228758025160846
weight,35.15810182961674
Novelty,1.0
