valid,1.0
unique@1000,1.0
FCD/Test,1.8253832778341348
SNN/Test,0.3994276884496212
Scaf/Test,0.3030110875761416
IntDiv,0.8766157539950361
IntDiv2,0.8708666463084345
Filters,0.8081666666666667
logP,0.11643826546124876
SA,0.08080961746569278
QED,0.025295659208198793
weight,31.40287623313273
Novelty,1.0
