valid,1.0
unique@1000,1.0
FCD/Test,1.8299975612236068
SNN/Test,0.4033710660605381
Scaf/Test,0.2788684542495323
IntDiv,0.8728837722374491
IntDiv2,0.8672239188255221
Filters,0.802
logP,0.3412349979657884
SA,0.09677242941520339
QED,0.020690628452811912
weight,29.962565668122803
Novelty,1.0
