valid,1.0
unique@1000,1.0
unique@10000,1.0
FCD/Test,0.945541255740082
SNN/Test,0.46092744556069376
Scaf/Test,0.40193904611726383
IntDiv,0.8674193461373647
IntDiv2,0.8619632781438357
Filters,0.8516666666666667
logP,0.21953373394548092
SA,0.04931002470691222
QED,0.0022389508468987408
weight,3.8423367759693003
Novelty,1.0
