valid,1.0
unique@1000,1.0
unique@10000,1.0
FCD/Test,0.8385768628962893
SNN/Test,0.45774795738918084
Scaf/Test,0.3552755473170697
IntDiv,0.8695184996288498
IntDiv2,0.8640465681127601
Filters,0.8583333333333333
logP,0.10173525576021483
SA,0.03384603914251479
QED,0.023684854421054866
weight,13.911293327025769
Novelty,1.0
