valid,1.0
unique@1000,1.0
unique@10000,1.0
FCD/Test,3.806085875757475
SNN/Test,0.36789746935168904
Scaf/Test,0.2655292090489405
IntDiv,0.878368622279803
IntDiv2,0.8734803069169312
Filters,0.6451666666666667
logP,0.10713767630788748
SA,0.5520393864702317
QED,0.02302417379642088
weight,4.062565454255774
Novelty,1.0
