valid,1.0
unique@1000,1.0
unique@10000,1.0
FCD/Test,0.3267823492613502
SNN/Test,0.6275352429499229
Scaf/Test,0.7563593328231093
IntDiv,0.8573751043851641
IntDiv2,0.8512286895136916
Filters,0.995
logP,0.0726268105001821
SA,0.04773146454119917
QED,0.007407717575233569
weight,6.163903590023215
Novelty,1.0
