valid,1.0
unique@1000,1.0
unique@10000,1.0
FCD/Test,0.3078269249355827
SNN/Test,0.6327124380643169
Scaf/Test,0.7329384555000233
IntDiv,0.8560015874197748
IntDiv2,0.8497920119313425
Filters,0.9938333333333333
logP,0.08119311219344039
SA,0.028890054097975605
QED,0.0063891521742365015
weight,3.4915438336044144
Novelty,1.0
