valid,1.0
unique@1000,1.0
unique@10000,1.0
FCD/Test,0.3350281352395257
SNN/Test,0.6260712601989508
Scaf/Test,0.7093241622835461
IntDiv,0.8595829977201885
IntDiv2,0.85336429474073
Filters,0.9938333333333333
logP,0.08104484041522739
SA,0.06388318997036106
QED,0.0034314212618734518
weight,2.7699507270179202
Novelty,1.0
