valid,1.0
unique@1000,1.0
unique@10000,1.0
FCD/Test,0.3193923916822854
SNN/Test,0.6302722193747758
Scaf/Test,0.7765651791900745
IntDiv,0.8588239589847988
IntDiv2,0.8525618446630898
Filters,0.9915
logP,0.05748843543492915
SA,0.03979685907241034
QED,0.00710867903610388
weight,4.393971137280268
Novelty,1.0
