valid,1.0
unique@1000,1.0
unique@10000,1.0
FCD/Test,0.2768986988654518
SNN/Test,0.6285610174636046
Scaf/Test,0.7282986844512592
IntDiv,0.8557384907680088
IntDiv2,0.8496093856712328
Filters,0.9926666666666667
logP,0.04988019729264883
SA,0.04096731010600735
QED,0.010563051551341336
weight,3.8316155780834
Novelty,1.0
