valid,1.0
unique@1000,1.0
FCD/Test,0.632174026935246
SNN/Test,0.5512630574361732
Scaf/Test,0.6154915486309143
IntDiv,0.8593542377174646
IntDiv2,0.8533104828713232
Filters,0.9543333333333334
logP,0.06942258386645953
SA,0.16831410410550007
QED,0.017109811415026044
weight,4.7517374520642655
Novelty,0.9876666666666667
