valid,1.0
unique@1000,1.0
FCD/Test,0.6362353934043625
SNN/Test,0.5519368662654112
Scaf/Test,0.6199578605067302
IntDiv,0.8595279133634087
IntDiv2,0.8534425988526996
Filters,0.9503333333333334
logP,0.06199241780015703
SA,0.17924594417847553
QED,0.015710595287910824
weight,3.0038697519911532
Novelty,0.9861666666666666
