valid,1.0
unique@1000,1.0
FCD/Test,0.627261913571445
SNN/Test,0.5487593302012732
Scaf/Test,0.648979594432555
IntDiv,0.858391535024082
IntDiv2,0.8523933074838012
Filters,0.9483333333333334
logP,0.05529028361758052
SA,0.15967164094019728
QED,0.019952071802324892
weight,3.668621778092319
Novelty,0.9906666666666667
