valid,1.0
unique@1000,1.0
FCD/Test,0.5864439319856274
SNN/Test,0.553458060933277
Scaf/Test,0.645132224425429
IntDiv,0.858793930110611
IntDiv2,0.85273965200753
Filters,0.9516666666666667
logP,0.11745033856022775
SA,0.15570798404273625
QED,0.016774493518597593
weight,4.037401194112911
Novelty,0.9865
