valid,1.0
unique@1000,1.0
FCD/Test,0.6080194537777288
SNN/Test,0.556170500194033
Scaf/Test,0.671962199171121
IntDiv,0.8583443618799
IntDiv2,0.8521516276613126
Filters,0.9498333333333333
logP,0.03854498642185036
SA,0.13038018270262453
QED,0.013623620473900297
weight,3.7544880102485862
Novelty,0.9851666666666666
