valid,1.0
unique@1000,1.0
unique@10000,1.0
FCD/Test,0.3786882254443782
SNN/Test,0.5692343070258696
Scaf/Test,0.6298979469277027
FCD/TestSF,0.7397912090677892
SNN/TestSF,0.5472016624063254
Frag/TestSF,0.997387940781251
Scaf/TestSF,0.2142688850445602
IntDiv,0.857980962919871
IntDiv2,0.8517501363461332
Filters,0.9911666666666666
logP,0.15375908097067154
SA,0.07498373991305324
QED,0.004586688047392132
weight,4.94820794291037
Novelty,1.0
