valid,1.0
unique@1000,1.0
unique@10000,1.0
FCD/Test,0.3217790867259964
SNN/Test,0.5677512420962254
Scaf/Test,0.7434313588539571
FCD/TestSF,0.7109661988272507
SNN/TestSF,0.543239697277546
Frag/TestSF,0.9975996467472402
Scaf/TestSF,0.15285762659187863
IntDiv,0.8569948695864148
IntDiv2,0.8507738602824257
Filters,0.9891666666666666
logP,0.08218306254724346
SA,0.06217612413849187
QED,0.009716959198535316
weight,7.170735774581528
Novelty,1.0
