valid,1.0
unique@1000,1.0
unique@10000,1.0
FCD/Test,0.3579973635946061
SNN/Test,0.5628657477448384
Scaf/Test,0.6826107170923961
FCD/TestSF,0.6293145128653919
SNN/TestSF,0.5396688817963005
Frag/TestSF,0.9973353764003485
Scaf/TestSF,0.14593149386462845
IntDiv,0.8581309956681993
IntDiv2,0.8520897484774779
Filters,0.9898333333333333
logP,0.11228891285041145
SA,0.08291918135699493
QED,0.009086397401731531
weight,3.9705340344059925
Novelty,1.0
