valid,1.0
unique@1000,1.0
unique@10000,1.0
FCD/Test,0.31614814956239456
SNN/Test,0.5681138841758172
Scaf/Test,0.7158973072983057
FCD/TestSF,0.7216707504689452
SNN/TestSF,0.5437347580691179
Frag/TestSF,0.9971502165287184
Scaf/TestSF,0.19075204806066226
IntDiv,0.8569527441556719
IntDiv2,0.8508057225340058
Filters,0.991
logP,0.10888632274778416
SA,0.05522060990381826
QED,0.005340313090143047
weight,3.748842996740008
Novelty,1.0
