valid,1.0
unique@1000,1.0
unique@10000,1.0
FCD/Test,0.40552115459161087
SNN/Test,0.5666701839839419
Scaf/Test,0.6403134955913494
FCD/TestSF,0.8418767210580143
SNN/TestSF,0.5408476023723682
Frag/TestSF,0.9968735802808723
Scaf/TestSF,0.19679322223283813
IntDiv,0.8563973821080526
IntDiv2,0.8503658235478346
Filters,0.9915
logP,0.115886494969369
SA,0.08406628976356909
QED,0.009765571484867683
weight,4.77121538616529
Novelty,1.0
