valid,1.0
unique@1000,1.0
unique@10000,1.0
FCD/Test,4.586150125544776
SNN/Test,0.3874880127112071
Scaf/Test,0.2793545454589256
IntDiv,0.8806981451705826
IntDiv2,0.8756497953838549
Filters,0.6208333333333333
logP,0.20034559372887875
SA,0.6645313956026585
QED,0.01330876193175969
weight,12.354811996283397
Novelty,1.0
