valid,1.0
unique@1000,1.0
unique@10000,1.0
FCD/Test,5.592402755202741
SNN/Test,0.3760397366210818
Scaf/Test,0.2795621629258449
IntDiv,0.8803637235102654
IntDiv2,0.8752333113537434
Filters,0.603
logP,0.09088960217270627
SA,0.6920112554358122
QED,0.0181220605227456
weight,7.836281912812551
Novelty,1.0
