valid,1.0
unique@1000,1.0
unique@10000,1.0
FCD/Test,6.025576373403894
SNN/Test,0.358600336227566
Scaf/Test,0.21376891920932184
IntDiv,0.8812146749422285
IntDiv2,0.8764174507824702
Filters,0.5556666666666666
logP,0.09840851095088006
SA,0.8295891149474227
QED,0.030763891837922514
weight,3.1633337653233284
Novelty,1.0
