valid,1.0
unique@1000,1.0
unique@10000,1.0
FCD/Test,0.6914896459763327
SNN/Test,0.5043470441301664
Scaf/Test,0.34722887542214254
IntDiv,0.8694855834781858
IntDiv2,0.8640938916409481
Filters,0.8368333333333333
logP,0.11680803354775397
SA,0.026497936628856196
QED,0.002138511335716625
weight,4.666537235377464
Novelty,1.0
