valid,1.0
unique@1000,1.0
unique@10000,1.0
FCD/Test,0.5673955658318732
SNN/Test,0.5057131934911012
Scaf/Test,0.38373399822985665
IntDiv,0.8695958743366665
IntDiv2,0.8642910091977769
Filters,0.8383333333333334
logP,0.06046346347671286
SA,0.05454264631296962
QED,0.008488041270292316
weight,3.5327606753942353
Novelty,1.0
