valid,1.0
unique@1000,1.0
unique@10000,1.0
FCD/Test,1.8814927252707037
SNN/Test,0.42119538864741723
Scaf/Test,0.28751129622111815
IntDiv,0.8697369540875752
IntDiv2,0.8641123829015898
Filters,0.8285
logP,0.051844234182437804
SA,0.0852530680203542
QED,0.041894706070313065
weight,25.54240012032459
Novelty,1.0
