valid,1.0
unique@1000,1.0
unique@10000,1.0
FCD/Test,0.7236880565181565
SNN/Test,0.4808707655519247
Scaf/Test,0.3965441173566381
IntDiv,0.8704317925501399
IntDiv2,0.8648540717890683
Filters,0.8333333333333334
logP,0.15623916322292927
SA,0.034761697402550966
QED,0.007398486959858892
weight,4.70959622411392
Novelty,1.0
