valid,1.0
unique@1000,1.0
unique@10000,1.0
FCD/Test,0.6758971346764753
SNN/Test,0.47933210131029286
Scaf/Test,0.319955006431371
IntDiv,0.868740384080463
IntDiv2,0.8633684420313943
Filters,0.8461666666666666
logP,0.06917138501754272
SA,0.030795307833116643
QED,0.009853411301681422
weight,2.6884906417090817
Novelty,1.0
