valid,1.0
unique@1000,1.0
unique@10000,1.0
FCD/Test,1.3759622571920715
SNN/Test,0.46526797697196404
Scaf/Test,0.24476558473600252
IntDiv,0.8636323378444248
IntDiv2,0.8582527307473911
Filters,0.821
logP,0.31132641788232657
SA,0.04492085505810761
QED,0.034743930175997986
weight,21.044878940513673
Novelty,1.0
