valid,1.0
unique@1000,1.0
unique@10000,1.0
FCD/Test,1.3247942586969401
SNN/Test,0.4699944222271442
Scaf/Test,0.36960256507727207
IntDiv,0.8753639901851018
IntDiv2,0.869138505538849
Filters,0.8385
logP,0.41693505679140186
SA,0.030541013570126847
QED,0.05903609274208467
weight,35.428507233132734
Novelty,1.0
