valid,1.0
unique@1000,1.0
unique@10000,1.0
FCD/Test,1.7442945477538672
SNN/Test,0.44648266249150037
Scaf/Test,0.2714481313299295
IntDiv,0.8675672440079583
IntDiv2,0.8622895749563221
Filters,0.7878333333333334
logP,0.6164420792761243
SA,0.08648655161626737
QED,0.06231255337388244
weight,28.920482710988676
Novelty,1.0
