valid,1.0
unique@1000,1.0
unique@10000,1.0
FCD/Test,1.6472492998842654
SNN/Test,0.44730489772806564
Scaf/Test,0.2672899648550613
IntDiv,0.8645606442576514
IntDiv2,0.8594386116990741
Filters,0.7953333333333333
logP,0.6489756947467565
SA,0.12893253076484756
QED,0.08268694064840491
weight,44.542417080164526
Novelty,1.0
