valid,1.0
unique@1000,1.0
unique@10000,1.0
FCD/Test,0.26389894285706816
SNN/Test,0.6194548999716838
Scaf/Test,0.7823677633815341
IntDiv,0.85605021928872
IntDiv2,0.8497762235593647
Filters,0.9918333333333333
logP,0.06200783692593573
SA,0.00788004136457085
QED,0.003852872952838377
weight,3.5551329727189893
Novelty,1.0
