valid,1.0
unique@1000,1.0
unique@10000,1.0
FCD/Test,0.3066263501333708
SNN/Test,0.6089483431850871
Scaf/Test,0.706162019552892
IntDiv,0.8572703389902114
IntDiv2,0.851179479840714
Filters,0.9918333333333333
logP,0.07534126837826399
SA,0.0647198143376272
QED,0.012979277952760777
weight,5.965957473667277
Novelty,1.0
