valid,1.0
unique@1000,1.0
unique@10000,1.0
FCD/Test,0.3302557719513288
SNN/Test,0.6178620006491741
Scaf/Test,0.7641908732427262
IntDiv,0.8565936499171787
IntDiv2,0.8503304626235908
Filters,0.99
logP,0.06271637610775063
SA,0.023641164894290467
QED,0.002788865038823855
weight,6.37623642432082
Novelty,1.0
