valid,1.0
unique@1000,1.0
unique@10000,1.0
FCD/Test,0.3106017123118363
SNN/Test,0.6185711639473835
Scaf/Test,0.7783893081322618
IntDiv,0.8571663887324863
IntDiv2,0.8508699110495477
Filters,0.993
logP,0.07009128970734436
SA,0.03515758311810667
QED,0.001870863638103794
weight,3.5875949554248083
Novelty,1.0
