valid,1.0
unique@1000,1.0
unique@10000,1.0
FCD/Test,0.2969271482821654
SNN/Test,0.6163405050039291
Scaf/Test,0.7532512895671754
IntDiv,0.858304006860733
IntDiv2,0.8520190186208471
Filters,0.991
logP,0.05760795221594008
SA,0.03969228678938931
QED,0.002498365117915288
weight,3.985768964187704
Novelty,1.0
