valid,1.0
unique@1000,1.0
unique@10000,1.0
FCD/Test,0.78293922176573
SNN/Test,0.4781982919375102
Scaf/Test,0.3061369805764904
FCD/TestSF,8.767000114660647
SNN/TestSF,0.39956468168397746
Frag/TestSF,0.9429313025699153
Scaf/TestSF,0.037628001818184265
IntDiv,0.8691044955485662
IntDiv2,0.8635791086288634
Filters,0.8523333333333334
logP,0.15352143689579656
SA,0.02272215053783772
QED,0.005709528543936475
weight,2.876609923251643
Novelty,1.0
