valid,1.0
unique@1000,1.0
unique@10000,1.0
FCD/Test,0.8480388854268455
SNN/Test,0.4759352030567825
Scaf/Test,0.3564720392971137
FCD/TestSF,7.754612713169081
SNN/TestSF,0.4048310409747064
Frag/TestSF,0.9570789490396271
Scaf/TestSF,0.04736419358161248
IntDiv,0.8699598833920359
IntDiv2,0.8642799315793419
Filters,0.8383333333333334
logP,0.10569538955440165
SA,0.07730932377327808
QED,0.022261664171877225
weight,16.49081543744426
Novelty,1.0
