valid,1.0
unique@1000,1.0
unique@10000,1.0
FCD/Test,0.8132412131028133
SNN/Test,0.46897953732684255
Scaf/Test,0.3638563723910775
FCD/TestSF,8.439721102808988
SNN/TestSF,0.40034661804884675
Frag/TestSF,0.9465239377543277
Scaf/TestSF,0.03647788997789536
IntDiv,0.869770728625185
IntDiv2,0.864202221293811
Filters,0.8463333333333334
logP,0.08554441731884616
SA,0.04493672702470185
QED,0.01474436104687868
weight,7.277372235151273
Novelty,1.0
