valid,1.0
unique@1000,1.0
unique@10000,1.0
FCD/Test,0.8552356811365627
SNN/Test,0.47590214186161756
Scaf/Test,0.364750246740444
FCD/TestSF,8.205455943211987
SNN/TestSF,0.40277075563122827
Frag/TestSF,0.9521070885625318
Scaf/TestSF,0.04431776001086585
IntDiv,0.8692948333491219
IntDiv2,0.8636707725568155
Filters,0.8458333333333333
logP,0.07959572371916136
SA,0.04180767121332913
QED,0.010275197472323368
weight,9.899461373987078
Novelty,1.0
