valid,1.0
unique@1000,1.0
unique@10000,1.0
FCD/Test,0.40005719018822106
SNN/Test,0.6218688407093287
Scaf/Test,0.7213042060306799
IntDiv,0.8579784199464586
IntDiv2,0.8518704585922856
Filters,0.9928333333333333
logP,0.08726877112562903
SA,0.05907632275480117
QED,0.0059051151472174655
weight,4.600107096668557
Novelty,1.0
