valid,1.0
unique@1000,1.0
unique@10000,1.0
FCD/Test,0.3803845047825405
SNN/Test,0.5827907561088602
Scaf/Test,0.7251242918833789
FCD/TestSF,0.7115738952100372
SNN/TestSF,0.5550025871768594
Frag/TestSF,0.9968785150861392
Scaf/TestSF,0.15382415657649018
IntDiv,0.8573060219626957
IntDiv2,0.8512187269079584
Filters,0.9921666666666666
logP,0.05464721186637442
SA,0.051844988889454456
QED,0.006820703721889587
weight,3.592770385633317
Novelty,1.0
