valid,1.0
unique@1000,1.0
unique@10000,1.0
FCD/Test,0.3733409520050941
SNN/Test,0.6257469770585498
Scaf/Test,0.73944022202746
IntDiv,0.8573060219626957
IntDiv2,0.8512187269079584
Filters,0.9921666666666666
logP,0.05624427766185264
SA,0.051628681674223645
QED,0.006963378567452045
weight,3.4254696894030574
Novelty,1.0
