valid,1.0
unique@1000,1.0
unique@10000,1.0
FCD/Test,0.2310573523572117
SNN/Test,0.5806510910997789
Scaf/Test,0.8683315062658906
FCD/TestSF,0.5390619512754427
SNN/TestSF,0.5541793728291988
Frag/TestSF,1.0
Scaf/TestSF,0.2190607401724738
IntDiv,0.8585528135003662
IntDiv2,0.8527805547681071
Filters,0.9928666666666667
logP,0.08936442126652815
SA,0.05979104503664601
QED,0.005146190507718146
weight,4.398442393344092
Novelty,1.0
