valid,1.0
unique@1000,1.0
unique@10000,1.0
FCD/Test,0.18677691862296797
SNN/Test,0.5819704216276606
Scaf/Test,0.890686917208872
FCD/TestSF,0.571098185651465
SNN/TestSF,0.555664233148098
Frag/TestSF,1.0
Scaf/TestSF,0.2006925906090088
IntDiv,0.8569453812320624
IntDiv2,0.8511638880414069
Filters,0.9925333333333334
logP,0.051769895669233845
SA,0.05560536758491822
QED,0.0038326817831831434
weight,5.2542887941808605
Novelty,1.0
