valid,1.0
unique@1000,1.0
unique@10000,1.0
FCD/Test,0.33576121228782085
SNN/Test,0.582321444556117
Scaf/Test,0.697368012715646
FCD/TestSF,0.7132239454451792
SNN/TestSF,0.5568859444633126
Frag/TestSF,0.9976267111338406
Scaf/TestSF,0.19763616772291281
IntDiv,0.8566965939837562
IntDiv2,0.8505160124266753
Filters,0.9938333333333333
logP,0.05041075081467647
SA,0.05568045407324502
QED,0.004396076855383855
weight,5.019820469109583
Novelty,1.0
