valid,1.0
unique@1000,1.0
unique@10000,1.0
FCD/Test,0.19607071090749173
SNN/Test,0.5822232560853163
Scaf/Test,0.8894025902131124
FCD/TestSF,0.5534297475341816
SNN/TestSF,0.5547405812367797
Frag/TestSF,1.0
Scaf/TestSF,0.18742315303317691
IntDiv,0.8575172602352567
IntDiv2,0.8517261993486736
Filters,0.9930666666666667
logP,0.06336886947757578
SA,0.0517214337902099
QED,0.005715076575024978
weight,3.529963138057488
Novelty,1.0
