valid,1.0
unique@1000,1.0
unique@10000,1.0
FCD/Test,0.3305318418197629
SNN/Test,0.6254686070034902
Scaf/Test,0.7236140432568426
IntDiv,0.8566965939837562
IntDiv2,0.8505160124266753
Filters,0.9938333333333333
logP,0.04605919965272028
SA,0.055506781106893284
QED,0.004425574654039794
weight,4.858092501256009
Novelty,1.0
