valid,1.0
unique@1000,1.0
unique@10000,1.0
FCD/Test,0.3064761388894084
SNN/Test,0.5855834310303132
Scaf/Test,0.7169857773849947
FCD/TestSF,0.6783743025725926
SNN/TestSF,0.5614743324965239
Frag/TestSF,0.9983485512229758
Scaf/TestSF,0.17777662953922424
IntDiv,0.8567568775675032
IntDiv2,0.8504361447142053
Filters,0.9936666666666667
logP,0.057471437874170375
SA,0.016848471716588456
QED,0.0049234306991462
weight,4.882813028192694
Novelty,1.0
