valid,1.0
unique@1000,1.0
unique@10000,1.0
FCD/Test,0.32128898377840187
SNN/Test,0.5827791730314493
Scaf/Test,0.7406229261002328
FCD/TestSF,0.735040687811221
SNN/TestSF,0.5569244257162015
Frag/TestSF,0.9972928594232496
Scaf/TestSF,0.1687086119273029
IntDiv,0.855733561205652
IntDiv2,0.8496208283397806
Filters,0.9935
logP,0.05628213400019317
SA,0.044807979306761815
QED,0.008237272132325226
weight,3.8633334230948364
Novelty,1.0
