valid,1.0
unique@1000,1.0
unique@10000,1.0
FCD/Test,0.4070787491239116
SNN/Test,0.581197050144275
Scaf/Test,0.7012960588107986
FCD/TestSF,0.6919698549054658
SNN/TestSF,0.552415119300286
Frag/TestSF,0.9974644267280632
Scaf/TestSF,0.1641592970424115
IntDiv,0.8579784199464586
IntDiv2,0.8518704585922856
Filters,0.9928333333333333
logP,0.08650263004142204
SA,0.0587500261750055
QED,0.005773637384682744
weight,4.79027600621141
Novelty,1.0
