valid,1.0
unique@1000,1.0
unique@10000,1.0
FCD/Test,0.30360338596671
SNN/Test,0.6288973939071099
Scaf/Test,0.7408025752892905
IntDiv,0.8567568775675032
IntDiv2,0.8504361447142053
Filters,0.9936666666666667
logP,0.05885520928097873
SA,0.017752695042088918
QED,0.004944373616669855
weight,5.144799438047811
Novelty,1.0
