valid,1.0
unique@1000,1.0
unique@10000,1.0
FCD/Test,0.14474814608863085
SNN/Test,0.5831869291678071
Scaf/Test,0.8989405849031723
FCD/TestSF,0.5786577311850039
SNN/TestSF,0.555659158072869
Frag/TestSF,1.0
Scaf/TestSF,0.18907301712272562
IntDiv,0.856831192254164
IntDiv2,0.8510202401268132
Filters,0.9933
logP,0.060254179529425175
SA,0.048410085904502555
QED,0.008731142552463612
weight,4.046825972131416
Novelty,1.0
