valid,1.0
unique@1000,1.0
unique@10000,1.0
FCD/Test,0.14002890608473706
SNN/Test,0.5869062331418197
Scaf/Test,0.8891223455222003
FCD/TestSF,0.5133602305789111
SNN/TestSF,0.5605239834412933
Frag/TestSF,1.0
Scaf/TestSF,0.19814603061169322
IntDiv,0.8570272298377143
IntDiv2,0.8510464925791495
Filters,0.9933
logP,0.06311968860208404
SA,0.01887127081342936
QED,0.005013452708118059
weight,4.649431976243703
Novelty,1.0
