valid,1.0
unique@1000,1.0
unique@10000,1.0
FCD/Test,0.31927005118843965
SNN/Test,0.627408870096008
Scaf/Test,0.7620251886530596
IntDiv,0.855733561205652
IntDiv2,0.8496208283397806
Filters,0.9935
logP,0.05774765726413801
SA,0.04433227666872671
QED,0.008002349269189813
weight,3.6540931706175668
Novelty,1.0
