valid,1.0
unique@1000,1.0
unique@10000,1.0
FCD/Test,0.3125852676123628
SNN/Test,0.583393672272563
Scaf/Test,0.7099805911893918
FCD/TestSF,0.7134587547781166
SNN/TestSF,0.5589559646348159
Frag/TestSF,0.99850692719427
Scaf/TestSF,0.1731764853168445
IntDiv,0.8574263375665876
IntDiv2,0.8511323736735872
Filters,0.9943333333333333
logP,0.07767075460476852
SA,0.037425506527660156
QED,0.010632508088745121
weight,3.2220743597502604
Novelty,1.0
