valid,1.0
unique@1000,1.0
unique@10000,1.0
FCD/Test,0.32856241031043965
SNN/Test,0.5831979585041602
Scaf/Test,0.6762968448032062
FCD/TestSF,0.6583547977839856
SNN/TestSF,0.5577583042283852
Frag/TestSF,0.9978037422294894
Scaf/TestSF,0.16796916500015702
IntDiv,0.8578829384765625
IntDiv2,0.8516424342458357
Filters,0.9966666666666667
logP,0.06700026512099085
SA,0.04581201240786001
QED,0.007193166684188376
weight,2.9795568791114375
Novelty,1.0
