valid,1.0
unique@1000,1.0
unique@10000,1.0
FCD/Test,0.30012310211243687
SNN/Test,0.5824727943738301
Scaf/Test,0.7184432981209954
FCD/TestSF,0.6577676833341854
SNN/TestSF,0.5573166241894165
Frag/TestSF,0.9986031256376606
Scaf/TestSF,0.16751270457409084
IntDiv,0.8561605145484077
IntDiv2,0.8500633314790079
Filters,0.993
logP,0.06723189435417314
SA,0.05105148183040517
QED,0.007272238152826683
weight,4.837869441248193
Novelty,1.0
