valid,1.0
unique@1000,1.0
unique@10000,1.0
FCD/Test,0.2915461152566792
SNN/Test,0.5866153421898683
Scaf/Test,0.7380873189313755
FCD/TestSF,0.6869834637208783
SNN/TestSF,0.5601415202518304
Frag/TestSF,0.9986371139939023
Scaf/TestSF,0.18126419935215532
IntDiv,0.8558835080064138
IntDiv2,0.8497042622248618
Filters,0.9945
logP,0.10789240374397518
SA,0.009137905739494478
QED,0.0022346812359791495
weight,2.743272491876524
Novelty,1.0
