valid,1.0
unique@1000,1.0
unique@10000,1.0
FCD/Test,0.3549058723432097
SNN/Test,0.5880951726088921
Scaf/Test,0.7036030263997294
FCD/TestSF,0.8101235735688022
SNN/TestSF,0.5609607928196589
Frag/TestSF,0.9966900127058724
Scaf/TestSF,0.20753205375278805
IntDiv,0.8568341522101296
IntDiv2,0.8504789328780311
Filters,0.9936666666666667
logP,0.04934581670284469
SA,0.014132579649965673
QED,0.007198053076831725
weight,3.2278810303470915
Novelty,1.0
