valid,1.0
unique@1000,1.0
unique@10000,1.0
FCD/Test,0.31277260414901775
SNN/Test,0.6323854007621607
Scaf/Test,0.7277356585413733
IntDiv,0.8553383448755476
IntDiv2,0.8491971578948483
Filters,0.9951666666666666
logP,0.05586198487877549
SA,0.02593950055196308
QED,0.0063742576068632865
weight,3.9704525070803656
Novelty,1.0
