valid,1.0
unique@1000,1.0
unique@10000,1.0
FCD/Test,0.29398193265632244
SNN/Test,0.6317884636272987
Scaf/Test,0.755906631049547
IntDiv,0.8561177633421156
IntDiv2,0.849921677039383
Filters,0.9921666666666666
logP,0.05905208077381173
SA,0.02723035942237201
QED,0.009830439583301709
weight,4.183623565329681
Novelty,1.0
