valid,1.0
unique@1000,1.0
unique@10000,1.0
FCD/Test,0.315095374821837
SNN/Test,0.6300376485884189
Scaf/Test,0.7580339997758158
IntDiv,0.8546879373849233
IntDiv2,0.8485317509389831
Filters,0.9918333333333333
logP,0.05467151379526724
SA,0.019208127255498808
QED,0.007953216748629933
weight,5.916838626115631
Novelty,1.0
