valid,1.0
unique@1000,1.0
unique@10000,1.0
FCD/Test,0.32737548131734684
SNN/Test,0.6293213229527076
Scaf/Test,0.7865169107135231
IntDiv,0.8551809495297538
IntDiv2,0.8490247717640036
Filters,0.9933333333333333
logP,0.0408169101300501
SA,0.03159724613899069
QED,0.006086169829634842
weight,3.356438541722392
Novelty,1.0
