valid,1.0
unique@1000,1.0
unique@10000,1.0
FCD/Test,0.2995758556740782
SNN/Test,0.6302214320500692
Scaf/Test,0.7330759479282312
IntDiv,0.8573659820279016
IntDiv2,0.8511291089029447
Filters,0.9915
logP,0.07954477371594398
SA,0.04116072178384632
QED,0.0058689941903135945
weight,3.7529509797644978
Novelty,1.0
