valid,1.0
unique@1000,1.0
FCD/Test,0.8491304497661645
SNN/Test,0.48349088789274297
Scaf/Test,0.39922632012079484
IntDiv,0.8678395068254205
IntDiv2,0.8623737387344247
Filters,0.8456666666666667
logP,0.052330457923433986
SA,0.07178994655043693
QED,0.005426287839478211
weight,8.155338481583398
Novelty,1.0
