valid,1.0
unique@1000,1.0
FCD/Test,0.9060769074667689
SNN/Test,0.48012331446260215
Scaf/Test,0.389401909346488
IntDiv,0.8710925126964781
IntDiv2,0.865457407113889
Filters,0.853
logP,0.03223215938093529
SA,0.04679593904670278
QED,0.007500938015430631
weight,5.97989989648236
Novelty,1.0
