valid,1.0
unique@1000,1.0
FCD/Test,0.9509410022187836
SNN/Test,0.47898948221902055
Scaf/Test,0.4110388757173786
IntDiv,0.8674268704705768
IntDiv2,0.8619521144842701
Filters,0.8461666666666666
logP,0.08037641405165506
SA,0.03751846939483676
QED,0.03319021215218259
weight,6.061925797772256
Novelty,1.0
