valid,1.0
unique@1000,1.0
FCD/Test,0.936928685465972
SNN/Test,0.47649594783534605
Scaf/Test,0.3748167248836065
IntDiv,0.8672902848983342
IntDiv2,0.8618951658395858
Filters,0.8533333333333334
logP,0.17407055018623707
SA,0.0656440844936235
QED,0.02747352126098163
weight,9.580439760051483
Novelty,1.0
