valid,1.0
unique@1000,1.0
FCD/Test,0.9735734361124884
SNN/Test,0.475634497034053
Scaf/Test,0.31570121738724655
IntDiv,0.8666228297380871
IntDiv2,0.8611416671687862
Filters,0.8425
logP,0.3089927295195409
SA,0.03966031778315567
QED,0.04638762269817506
weight,13.554267551462978
Novelty,1.0
