valid,1.0
unique@1000,1.0
unique@10000,1.0
FCD/Test,0.9540868091985004
SNN/Test,0.44930920281633735
Scaf/Test,0.30473337100410625
IntDiv,0.8677836267609067
IntDiv2,0.8625555865684199
Filters,0.8406666666666667
logP,0.16831301916367009
SA,0.04338153135573583
QED,0.018611609537332735
weight,10.412901587241793
Novelty,1.0
