valid,1.0
unique@1000,1.0
unique@10000,1.0
FCD/Test,0.8139206229066929
SNN/Test,0.4590867028782765
Scaf/Test,0.34109436585963215
IntDiv,0.86824974518013
IntDiv2,0.8628379078253233
Filters,0.8488333333333333
logP,0.07905841510313161
SA,0.045606256200507594
QED,0.006454366485616682
weight,5.777137639092543
Novelty,1.0
