valid,1.0
unique@1000,1.0
unique@10000,1.0
FCD/Test,0.8990903137941189
SNN/Test,0.45593751077353956
Scaf/Test,0.390314387790881
IntDiv,0.8701076916790009
IntDiv2,0.8645912442739785
Filters,0.8413333333333334
logP,0.04677771380923314
SA,0.011762270640693653
QED,0.01046058808786096
weight,9.30683155946323
Novelty,1.0
