valid,1.0
unique@1000,1.0
unique@10000,1.0
FCD/Test,3.2455879240262107
SNN/Test,0.3745442720105251
Scaf/Test,0.27022298579268633
IntDiv,0.8766914426371256
IntDiv2,0.8717808285824713
Filters,0.7023333333333334
logP,0.09008695750010043
SA,0.5188775223418598
QED,0.014264969945510044
weight,4.088926844717392
Novelty,1.0
