valid,1.0
unique@1000,1.0
unique@10000,1.0
FCD/Test,3.3469554954730256
SNN/Test,0.3767503508279721
Scaf/Test,0.27864675675506145
IntDiv,0.8760610785002708
IntDiv2,0.8711867664481245
Filters,0.682
logP,0.158149196183831
SA,0.5230914971784708
QED,0.017892356113935685
weight,2.1885293405585418
Novelty,1.0
