valid,1.0
unique@1000,1.0
unique@10000,1.0
FCD/Test,3.3562593063493154
SNN/Test,0.3747592586899797
Scaf/Test,0.24398449383074472
IntDiv,0.877214331331412
IntDiv2,0.8722673877767185
Filters,0.6715
logP,0.08926053848447016
SA,0.5091355293508819
QED,0.01578281480770249
weight,5.477656466541402
Novelty,1.0
