valid,1.0
unique@1000,1.0
unique@10000,1.0
FCD/Test,3.4685835921309263
SNN/Test,0.37310685963431994
Scaf/Test,0.23423444375445923
IntDiv,0.8763874585698446
IntDiv2,0.8715918347742617
Filters,0.675
logP,0.18812621375154295
SA,0.5268529888813714
QED,0.012492701188868043
weight,6.661577168122803
Novelty,1.0
