valid,1.0
unique@1000,1.0
FCD/Test,0.7078178414638501
SNN/Test,0.5326878115876267
Scaf/Test,0.6236002720963325
IntDiv,0.8590696190631124
IntDiv2,0.8529277352712252
Filters,0.9373333333333334
logP,0.08591715942818834
SA,0.18972316468108866
QED,0.016758232452327985
weight,7.719587220847895
Novelty,0.9916666666666667
