valid,1.0
unique@1000,1.0
FCD/Test,0.6765855362797879
SNN/Test,0.5401406595576554
Scaf/Test,0.6758538660688413
IntDiv,0.8585173209679268
IntDiv2,0.8523303711855073
Filters,0.937
logP,0.09781570457615835
SA,0.1293237915690487
QED,0.0197287170600461
weight,5.96969569518268
Novelty,0.9903333333333333
