valid,1.0
unique@1000,1.0
FCD/Test,0.7257751619860784
SNN/Test,0.5442479191080978
Scaf/Test,0.7139174227315295
IntDiv,0.8563545867608255
IntDiv2,0.8501878148008299
Filters,0.9478333333333333
logP,0.09295031118613159
SA,0.11646001584880855
QED,0.018160377943074974
weight,4.8146123646134305
Novelty,0.9901666666666666
