valid,1.0
unique@1000,1.0
FCD/Test,0.6861722870404208
SNN/Test,0.5342314445823431
Scaf/Test,0.6377682994302485
IntDiv,0.8592148425705392
IntDiv2,0.8532002724015737
Filters,0.9358333333333333
logP,0.11191321572809804
SA,0.16899477811072577
QED,0.0223383254344168
weight,5.529855881368043
Novelty,0.9905
