valid,1.0
unique@1000,1.0
FCD/Test,0.7444575671257212
SNN/Test,0.5366357058305293
Scaf/Test,0.641377629842249
IntDiv,0.857036131199367
IntDiv2,0.8509475871166932
Filters,0.9383333333333334
logP,0.0697684153966552
SA,0.15502513459108372
QED,0.02902245180355354
weight,10.851927804350977
Novelty,0.9918333333333333
