valid,1.0
unique@1000,1.0
unique@10000,1.0
FCD/Test,0.7576526541379422
SNN/Test,0.5088905015314619
Scaf/Test,0.4049478837730205
FCD/TestSF,7.877696031448437
SNN/TestSF,0.40943852049857377
Frag/TestSF,0.9477903664016231
Scaf/TestSF,0.04352626046585972
IntDiv,0.8681736031359566
IntDiv2,0.8625286127575333
Filters,0.8446666666666667
logP,0.17292728786757075
SA,0.07854895955404283
QED,0.031126244948466525
weight,17.44539501002038
Novelty,1.0
