valid,1.0
unique@1000,1.0
unique@10000,1.0
FCD/Test,0.6694807342140621
SNN/Test,0.5096055169453223
Scaf/Test,0.37591878299091697
FCD/TestSF,8.019886310503537
SNN/TestSF,0.4022992358654737
Frag/TestSF,0.962502670872596
Scaf/TestSF,0.05669531220095625
IntDiv,0.868472258403884
IntDiv2,0.8630887034140347
Filters,0.8461666666666666
logP,0.09780405061771011
SA,0.029479630596449896
QED,0.01610108425440547
weight,8.082894944750059
Novelty,1.0
