valid,1.0
unique@1000,1.0
FCD/Test,2.359891876442063
SNN/Test,0.3988948885196199
Scaf/Test,0.314451383367079
IntDiv,0.8777344773658191
IntDiv2,0.871300750194173
Filters,0.8216666666666667
logP,0.22730409580247762
SA,0.05743012465426396
QED,0.03213720959851753
weight,47.69242173313276
Novelty,1.0
