valid,1.0
unique@1000,1.0
FCD/Test,2.321463851272725
SNN/Test,0.3930360131735603
Scaf/Test,0.33517270964888
IntDiv,0.878210496193192
IntDiv2,0.8719512358206476
Filters,0.8195
logP,0.47318700332986696
SA,0.07470564346818015
QED,0.0401514441570301
weight,47.084712334789494
Novelty,1.0
