valid,1.0
unique@1000,1.0
FCD/Test,2.39400800722035
SNN/Test,0.39229693222790957
Scaf/Test,0.31617106458415667
IntDiv,0.8780666254170305
IntDiv2,0.87177173050095
Filters,0.7948333333333333
logP,0.3820019200653034
SA,0.10731537289045867
QED,0.028491669780007268
weight,41.223285620324596
Novelty,1.0
