valid,1.0
unique@1000,1.0
FCD/Test,2.205804248520991
SNN/Test,0.3951073123278717
Scaf/Test,0.308305827203589
IntDiv,0.877526387513905
IntDiv2,0.8712448490660233
Filters,0.8156666666666667
logP,0.24029626681535368
SA,0.043599611034353704
QED,0.02938977809434608
weight,43.05525182702578
Novelty,1.0
