valid,1.0
unique@1000,1.0
FCD/Test,2.3945553365070396
SNN/Test,0.3928639947188397
Scaf/Test,0.327300026971171
IntDiv,0.8783855600837569
IntDiv2,0.8720429134828411
Filters,0.8303333333333334
logP,0.43200140381549207
SA,0.098868900713562
QED,0.03754779739540708
weight,46.51558782961675
Novelty,1.0
