valid,1.0
unique@1000,1.0
unique@10000,1.0
FCD/Test,3.54005745895293
SNN/Test,0.373429544535776
Scaf/Test,0.24495628013340065
IntDiv,0.8755618347784678
IntDiv2,0.8707949261865049
Filters,0.6658333333333334
logP,0.08873440162811409
SA,0.5530028902764635
QED,0.025345337328049534
weight,4.418710442978042
Novelty,1.0
