valid,1.0
unique@1000,1.0
unique@10000,1.0
FCD/Test,0.7166068393138687
SNN/Test,0.4863884174525738
Scaf/Test,0.390053874416461
IntDiv,0.8705564884714551
IntDiv2,0.8648419910305232
Filters,0.8473333333333334
logP,0.11938746034933415
SA,0.02893064815656802
QED,0.013373031282554371
weight,10.665490102441076
Novelty,1.0
