valid,1.0
unique@1000,1.0
unique@10000,1.0
FCD/Test,0.7710892110879399
SNN/Test,0.48098870236674945
Scaf/Test,0.30481703282652894
IntDiv,0.8697851319313049
IntDiv2,0.8641373152357696
Filters,0.8416666666666667
logP,0.10381524470031378
SA,0.022943792342377516
QED,0.016378175367934872
weight,10.426476120324581
Novelty,1.0
