valid,1.0
unique@1000,1.0
unique@10000,1.0
FCD/Test,0.8220772517551325
SNN/Test,0.48859061640749374
Scaf/Test,0.4096690948148395
IntDiv,0.8685143400393063
IntDiv2,0.8627631901061978
Filters,0.8543333333333333
logP,0.054301410844666845
SA,0.08529835270953638
QED,0.041441940429329846
weight,20.688747566466063
Novelty,1.0
