valid,1.0
unique@1000,1.0
unique@10000,1.0
FCD/Test,0.8704702047116939
SNN/Test,0.48550626619160175
Scaf/Test,0.39152489309962957
IntDiv,0.8690734020457003
IntDiv2,0.8633246122449133
Filters,0.8483333333333334
logP,0.06383342674643025
SA,0.04555822405830179
QED,0.02541531805996288
weight,12.111138334789477
Novelty,1.0
