valid,1.0
unique@1000,1.0
unique@10000,1.0
FCD/Test,0.9986015673610211
SNN/Test,0.5319429780716698
Scaf/Test,0.747107642933876
FCD/TestSF,1.5377592869887167
SNN/TestSF,0.5095735149954757
Frag/TestSF,0.99376193411537
Scaf/TestSF,0.14192267655546598
IntDiv,0.8614707626191775
IntDiv2,0.8553116631992373
Filters,0.9228333333333333
logP,0.10380606656492919
SA,0.22646864230459304
QED,0.020992460638690907
weight,3.2172066294323214
Novelty,1.0
