valid,1.0
unique@1000,1.0
unique@10000,1.0
FCD/Test,0.9818881795834926
SNN/Test,0.5370438624024391
Scaf/Test,0.7025420885918551
FCD/TestSF,1.5979181665317839
SNN/TestSF,0.5141873200486103
Frag/TestSF,0.9942570257182963
Scaf/TestSF,0.13937928803406074
IntDiv,0.8581609567362998
IntDiv2,0.852212212776001
Filters,0.9295
logP,0.18432754608634264
SA,0.22335459325794102
QED,0.021275318060689007
weight,3.333358946619035
Novelty,1.0
