valid,1.0
unique@1000,1.0
unique@10000,1.0
FCD/Test,1.050772124260746
SNN/Test,0.5346990361933907
Scaf/Test,0.6131077310444608
FCD/TestSF,1.5892899151179165
SNN/TestSF,0.5134007459978263
Frag/TestSF,0.9923377140165488
Scaf/TestSF,0.1557304937198999
IntDiv,0.8591518689290153
IntDiv2,0.8531953057429837
Filters,0.9293333333333333
logP,0.26383566648874923
SA,0.223244458938604
QED,0.030062545936944615
weight,4.878638869467764
Novelty,1.0
