valid,1.0
unique@1000,1.0
unique@10000,1.0
FCD/Test,0.8950090188011188
SNN/Test,0.5351878340293964
Scaf/Test,0.6920458299843618
FCD/TestSF,1.4612215233836707
SNN/TestSF,0.5138438109358152
Frag/TestSF,0.9944440960347423
Scaf/TestSF,0.14619890096052757
IntDiv,0.8614925782998932
IntDiv2,0.8553318822548386
Filters,0.9316666666666666
logP,0.19635274307018655
SA,0.20390966883633876
QED,0.023112734276335416
weight,4.2301618719137055
Novelty,1.0
