valid,1.0
unique@1000,1.0
unique@10000,1.0
FCD/Test,1.0501718032162728
SNN/Test,0.5341678281724453
Scaf/Test,0.7319584187962338
FCD/TestSF,1.5902897431149796
SNN/TestSF,0.5116966769124071
Frag/TestSF,0.9957482717770787
Scaf/TestSF,0.13988300332651982
IntDiv,0.8598503444014656
IntDiv2,0.8537961362204652
Filters,0.9096666666666666
logP,0.10252549686777535
SA,0.2185014816483668
QED,0.027198387605869716
weight,5.240020299288936
Novelty,1.0
