valid,1.0
unique@1000,1.0
unique@10000,1.0
FCD/Test,0.7473534567206741
SNN/Test,0.46717668148875235
Scaf/Test,0.36970858202250145
IntDiv,0.8696237032005523
IntDiv2,0.8641510904630963
Filters,0.8473333333333334
logP,0.0451619061030577
SA,0.027591062208752962
QED,0.008594623119958164
weight,3.1219661645233026
Novelty,1.0
