valid,1.0
unique@1000,1.0
unique@10000,1.0
FCD/Test,0.7601147940794988
SNN/Test,0.49734546614438296
Scaf/Test,0.3945247879447491
IntDiv,0.8699099581793679
IntDiv2,0.8641752511469086
Filters,0.8555
logP,0.07537181562073009
SA,0.03384378852368012
QED,0.023434634350118694
weight,14.30547389979939
Novelty,1.0
