valid,1.0
unique@1000,1.0
unique@10000,1.0
FCD/Test,0.789556345876278
SNN/Test,0.5012043247049054
Scaf/Test,0.3383832971091665
IntDiv,0.8693568309585783
IntDiv2,0.863576619932391
Filters,0.8378333333333333
logP,0.12157078678710945
SA,0.030766093514492672
QED,0.023526614274101777
weight,10.670336001456137
Novelty,1.0
