valid,1.0
unique@1000,1.0
unique@10000,1.0
FCD/Test,6.520913533481803
SNN/Test,0.3440938824688395
Scaf/Test,0.22624382680802468
IntDiv,0.8819169486848514
IntDiv2,0.877191087090285
Filters,0.581
logP,0.1352090728364929
SA,0.8113941014334319
QED,0.04170354792074189
weight,6.519337919205655
Novelty,1.0
