valid,1.0
unique@1000,1.0
unique@10000,1.0
FCD/Test,5.964778274408502
SNN/Test,0.34397061255574224
Scaf/Test,0.21272703902163992
IntDiv,0.8803247164373398
IntDiv2,0.8757321301417789
Filters,0.5901666666666666
logP,0.16033164587630136
SA,0.8325194295449261
QED,0.04869091492833319
weight,5.663318993324896
Novelty,1.0
