valid,1.0
unique@1000,1.0
unique@10000,1.0
FCD/Test,6.438258134975015
SNN/Test,0.33996291369448106
Scaf/Test,0.20363793270566444
IntDiv,0.8812869875135422
IntDiv2,0.8767069687276895
Filters,0.5628333333333333
logP,0.3586750827656875
SA,0.943602119054497
QED,0.03823665874897703
weight,4.7113438692035805
Novelty,1.0
