valid,1.0
unique@1000,1.0
unique@10000,1.0
FCD/Test,11.264539632520723
SNN/Test,0.31292480948070683
Scaf/Test,0.11521160899808136
IntDiv,0.885687735036797
IntDiv2,0.8810886838368348
Filters,0.4236666666666667
logP,1.3613999067546214
SA,1.4404329536191982
QED,0.058576371405288916
weight,12.20913586725129
Novelty,1.0
