valid,1.0
unique@1000,1.0
unique@10000,1.0
FCD/Test,10.132219958372758
SNN/Test,0.3306954643204808
Scaf/Test,0.07555105676712703
IntDiv,0.8786672485338847
IntDiv2,0.874196265745718
Filters,0.469
logP,0.9564117009224239
SA,1.1958536437883927
QED,0.035812162187891544
weight,9.860985633242729
Novelty,1.0
