valid,1.0
unique@1000,1.0
unique@10000,1.0
FCD/Test,0.9873280790595942
SNN/Test,0.45821580415715774
Scaf/Test,0.2887794936877425
FCD/TestSF,8.565104999405165
SNN/TestSF,0.4015218529204527
Frag/TestSF,0.9270859315431114
Scaf/TestSF,0.02034149883777636
IntDiv,0.8687509752861658
IntDiv2,0.863154095064538
Filters,0.85
logP,0.07878176510106691
SA,0.03232859467984525
QED,0.014949160901026841
weight,6.743719289011348
Novelty,1.0
