valid,1.0
unique@1000,1.0
unique@10000,1.0
FCD/Test,0.8479773497317069
SNN/Test,0.4638640595848362
Scaf/Test,0.3190084883487665
FCD/TestSF,8.21478790126227
SNN/TestSF,0.40032170962293945
Frag/TestSF,0.9554447588949228
Scaf/TestSF,0.06364383331868773
IntDiv,0.8693646517761019
IntDiv2,0.8638834090785775
Filters,0.8431666666666666
logP,0.20650711593892296
SA,0.025710395847730657
QED,0.015518661426221811
weight,10.769337163255164
Novelty,1.0
