valid,1.0
unique@1000,1.0
unique@10000,1.0
FCD/Test,1.5419903459055746
SNN/Test,0.44643538854146997
Scaf/Test,0.2495512531842361
FCD/TestSF,9.438992216673654
SNN/TestSF,0.3895017812140286
Frag/TestSF,0.9661232064483255
Scaf/TestSF,0.027482434436272185
IntDiv,0.8634833957799475
IntDiv2,0.8585848898958157
Filters,0.8358333333333333
logP,0.24277211127956755
SA,0.11831107969816358
QED,0.06148743446590712
weight,32.55521388227316
Novelty,1.0
