valid,1.0
unique@1000,1.0
unique@10000,1.0
FCD/Test,1.2191759272057254
SNN/Test,0.46584425200149415
Scaf/Test,0.3039417850384847
FCD/TestSF,9.543166682734693
SNN/TestSF,0.40083438243096076
Frag/TestSF,0.9363951877316034
Scaf/TestSF,0.03942207524588337
IntDiv,0.8681086119387282
IntDiv2,0.8624703786415286
Filters,0.8395
logP,0.09915772648351806
SA,0.021953912366823355
QED,0.012647747649543269
weight,8.522788391472165
Novelty,1.0
