valid,1.0
unique@1000,1.0
unique@10000,1.0
FCD/Test,5.784045842263652
SNN/Test,0.37273287861297527
Scaf/Test,0.21055066890687946
IntDiv,0.8814437995644675
IntDiv2,0.8765714036826205
Filters,0.5658333333333333
logP,0.10701245162982452
SA,0.8050058860695698
QED,0.01853610654039789
weight,2.4361484536178413
Novelty,1.0
