valid,1.0
unique@1000,1.0
FCD/Test,1.5377176774928643
SNN/Test,0.4281430886487166
Scaf/Test,0.3718871479061976
IntDiv,0.8742232086068917
IntDiv2,0.868332970997383
Filters,0.8315
logP,0.12294445048107741
SA,0.03541391829500305
QED,0.030657459023116014
weight,34.61383033478949
Novelty,1.0
