valid,1.0
unique@1000,1.0
FCD/Test,1.574176821525569
SNN/Test,0.4359142152431111
Scaf/Test,0.3684344890732638
IntDiv,0.8760050483815124
IntDiv2,0.8698250731619498
Filters,0.834
logP,0.08883760786150127
SA,0.04714461806043009
QED,0.0496968698497611
weight,42.27765932702577
Novelty,1.0
