valid,1.0
unique@1000,1.0
FCD/Test,1.4757430727235032
SNN/Test,0.43111472321425875
Scaf/Test,0.3205934435479947
IntDiv,0.8778266321205415
IntDiv2,0.871733463164965
Filters,0.8118333333333333
logP,0.34166246931966937
SA,0.06455499779130845
QED,0.0412706951884801
weight,37.95950856646609
Novelty,1.0
