valid,1.0
unique@1000,1.0
FCD/Test,1.4786218174611747
SNN/Test,0.4433197410069406
Scaf/Test,0.3240531551211161
IntDiv,0.8736797254624747
IntDiv2,0.8675963291118867
Filters,0.8438333333333333
logP,0.2348642901151354
SA,0.0494242882165696
QED,0.060313832843238505
weight,44.26444999628342
Novelty,1.0
