valid,1.0
unique@1000,1.0
FCD/Test,1.4883573743619252
SNN/Test,0.43708664503507316
Scaf/Test,0.33584149449461365
IntDiv,0.8750432500639433
IntDiv2,0.8689164139639929
Filters,0.837
logP,0.08985503447962834
SA,0.03285164339278338
QED,0.02461440212183256
weight,36.22503745365793
Novelty,1.0
