valid,1.0
unique@1000,1.0
unique@10000,1.0
FCD/Test,0.8456402340076181
SNN/Test,0.44980301091323294
Scaf/Test,0.35090615110172063
IntDiv,0.8703682230478922
IntDiv2,0.8649175661540213
Filters,0.8423333333333334
logP,0.08240855772647412
SA,0.01617928215965038
QED,0.004014466913847889
weight,6.264716553966924
Novelty,1.0
