valid,1.0
unique@1000,1.0
unique@10000,1.0
FCD/Test,0.8334689270244127
SNN/Test,0.4509372081061204
Scaf/Test,0.3542154215983183
IntDiv,0.8686651341543198
IntDiv2,0.8632928524533984
Filters,0.8476666666666667
logP,0.08763334740598727
SA,0.021711094630780466
QED,0.00827555959698141
weight,2.9613384240016294
Novelty,1.0
