valid,1.0
unique@1000,1.0
unique@10000,1.0
FCD/Test,0.9476656784991064
SNN/Test,0.4492628181688488
Scaf/Test,0.30256735390984035
IntDiv,0.8680212290280396
IntDiv2,0.8626804030325614
Filters,0.8511666666666666
logP,0.18173382473187122
SA,0.026691758472335674
QED,0.00864324953880406
weight,3.4737577934460067
Novelty,1.0
