valid,1.0
unique@1000,1.0
unique@10000,1.0
FCD/Test,9.689910041471776
SNN/Test,0.3244743878717224
Scaf/Test,0.19257518320705347
IntDiv,0.8833108553971715
IntDiv2,0.8787397502122294
Filters,0.43616666666666665
logP,0.38962930498878284
SA,1.191046199042887
QED,0.045103362008851386
weight,3.7962067664019448
Novelty,1.0
