valid,1.0
unique@1000,1.0
unique@10000,1.0
FCD/Test,9.47731220032393
SNN/Test,0.32828563153495394
Scaf/Test,0.1794788867799596
IntDiv,0.8844823131690556
IntDiv2,0.8797566003609283
Filters,0.46116666666666667
logP,0.2336478337824553
SA,1.1045459094495247
QED,0.033406089383254275
weight,10.508637378236255
Novelty,1.0
