valid,1.0
unique@1000,1.0
FCD/Test,0.6348277745747737
SNN/Test,0.5511371407366047
Scaf/Test,0.614820724768414
IntDiv,0.8592755080345484
IntDiv2,0.8531338033980395
Filters,0.9458333333333333
logP,0.03826451791109343
SA,0.14048268522081425
QED,0.01045171149733195
weight,5.013781182740442
Novelty,0.9868333333333333
