valid,1.0
unique@1000,1.0
FCD/Test,0.595433808677555
SNN/Test,0.5506170640283574
Scaf/Test,0.6722163113662877
IntDiv,0.8584881962519421
IntDiv2,0.8524133404193475
Filters,0.9471666666666667
logP,0.04738544306393902
SA,0.1461896052378138
QED,0.019736021482481266
weight,4.247573980898684
Novelty,0.9871666666666666
