valid,1.0
unique@1000,1.0
FCD/Test,0.5838291197004537
SNN/Test,0.5514259175763776
Scaf/Test,0.6406922347509643
IntDiv,0.858210966507816
IntDiv2,0.8520796612880137
Filters,0.9461666666666667
logP,0.04867581030010832
SA,0.1395315056271391
QED,0.012770099570737532
weight,3.0398534537251725
Novelty,0.9886666666666667
