valid,1.0
unique@1000,1.0
FCD/Test,0.6856218948096995
SNN/Test,0.5560174856837838
Scaf/Test,0.6725521560422862
IntDiv,0.8590590183544135
IntDiv2,0.8528689953874454
Filters,0.9511666666666667
logP,0.06085205284045763
SA,0.11952340069893039
QED,0.015068040992007566
weight,5.291956389102316
Novelty,0.9851666666666666
