valid,1.0
unique@1000,1.0
FCD/Test,0.609521852014467
SNN/Test,0.5523039645645768
Scaf/Test,0.6895800932915465
IntDiv,0.859596457572596
IntDiv2,0.8534170709445078
Filters,0.9526666666666667
logP,0.08931200388602757
SA,0.15404072966361368
QED,0.010104455747868496
weight,4.9211070004040405
Novelty,0.9863333333333333
