valid,1.0
unique@1000,1.0
FCD/Test,2.286069023333596
SNN/Test,0.40115121537136533
Scaf/Test,0.318123533149579
IntDiv,0.8754258895078169
IntDiv2,0.8691218743439291
Filters,0.8345
logP,0.17136879880615927
SA,0.04614164216750251
QED,0.03589298006976021
weight,45.51919166035912
Novelty,1.0
