valid,1.0
unique@1000,1.0
FCD/Test,2.6891186213834573
SNN/Test,0.40445312942005696
Scaf/Test,0.33773036812860846
IntDiv,0.8781399277797498
IntDiv2,0.871395405890296
Filters,0.8381666666666666
logP,0.32046933024664087
SA,0.07492132932304216
QED,0.0610756555367112
weight,58.703424168122844
Novelty,1.0
