valid,1.0
unique@1000,1.0
FCD/Test,2.3602592537737763
SNN/Test,0.4011887355117748
Scaf/Test,0.29052841072561253
IntDiv,0.8774120482460268
IntDiv2,0.8709893406106196
Filters,0.8425
logP,0.461809950917659
SA,0.07297268358148461
QED,0.05458948780872372
weight,51.969045233132746
Novelty,1.0
