valid,1.0
unique@1000,1.0
FCD/Test,1.8527246670242334
SNN/Test,0.3983925273530185
Scaf/Test,0.2848809426676584
IntDiv,0.8767624997336426
IntDiv2,0.8708220253760846
Filters,0.8306666666666667
logP,0.23548216527737514
SA,0.09949338147087941
QED,0.028062955587998487
weight,35.18184916295007
Novelty,1.0
