valid,1.0
unique@1000,1.0
FCD/Test,1.8610738315286852
SNN/Test,0.4018426297151794
Scaf/Test,0.3427743017816659
IntDiv,0.8766488747471753
IntDiv2,0.870602978220216
Filters,0.813
logP,0.30991700516948256
SA,0.038654959455111916
QED,0.031201013084571846
weight,37.341788066466066
Novelty,1.0
