valid,1.0
unique@1000,1.0
FCD/Test,1.8725256045173921
SNN/Test,0.4049986808076501
Scaf/Test,0.24797884410145332
IntDiv,0.8737186872968914
IntDiv2,0.8677697531017718
Filters,0.8168333333333333
logP,0.08671756889040672
SA,0.03346520351597776
QED,0.028654977079579855
weight,32.00817866812282
Novelty,1.0
