valid,1.0
unique@1000,1.0
FCD/Test,1.9049110105948301
SNN/Test,0.40585854878649114
Scaf/Test,0.23470525583093305
IntDiv,0.8759584509687142
IntDiv2,0.869828983535135
Filters,0.8271666666666667
logP,0.19426447877860317
SA,0.02335724182991516
QED,0.029537018837729287
weight,36.587936453657925
Novelty,1.0
