valid,1.0
unique@1000,1.0
FCD/Test,1.8103074828371604
SNN/Test,0.402350322060287
Scaf/Test,0.30162530756238937
IntDiv,0.8768647198298896
IntDiv2,0.8707743466630624
Filters,0.8336666666666667
logP,0.17140072686190352
SA,0.0366568345667724
QED,0.041674474854132164
weight,37.992885493692455
Novelty,1.0
