valid,1.0
unique@1000,1.0
unique@10000,1.0
FCD/Test,0.5889093155119838
SNN/Test,0.5617737535238266
Scaf/Test,0.7314567282908819
FCD/TestSF,1.0531358314102306
SNN/TestSF,0.5362828970750173
Frag/TestSF,0.9980531579199883
Scaf/TestSF,0.1373784461934383
IntDiv,0.860474015484333
IntDiv2,0.8542773423020298
Filters,0.9571666666666667
logP,0.07191576806602155
SA,0.1462944175051375
QED,0.011024823003715165
weight,2.7656516031214173
Novelty,1.0
