valid,1.0
unique@1000,1.0
unique@10000,1.0
FCD/Test,0.6438076300452025
SNN/Test,0.5601951739837726
Scaf/Test,0.724132004843178
FCD/TestSF,1.0886557576821474
SNN/TestSF,0.5356306870505214
Frag/TestSF,0.9975578668473299
Scaf/TestSF,0.14452944387780176
IntDiv,0.8601761701307297
IntDiv2,0.854026009230891
Filters,0.951
logP,0.10903270448411848
SA,0.1498672229065954
QED,0.019306495025730792
weight,2.655852213050575
Novelty,1.0
