valid,1.0
unique@1000,1.0
unique@10000,1.0
FCD/Test,0.5977035638766353
SNN/Test,0.5594103210071723
Scaf/Test,0.7160998199352002
FCD/TestSF,1.1175207914636474
SNN/TestSF,0.5347197390956183
Frag/TestSF,0.9954210173783405
Scaf/TestSF,0.16032010940612473
IntDiv,0.8604160063108868
IntDiv2,0.854265978740094
Filters,0.9568333333333333
logP,0.11217437704025963
SA,0.15104823461165898
QED,0.011931562772653769
weight,2.80158514886544
Novelty,1.0
