valid,1.0
unique@1000,1.0
unique@10000,1.0
FCD/Test,0.6081912422016416
SNN/Test,0.5614689285457134
Scaf/Test,0.7269732976328319
FCD/TestSF,1.0865485393568406
SNN/TestSF,0.5353053078105052
Frag/TestSF,0.9970391690835327
Scaf/TestSF,0.13771076072451804
IntDiv,0.8620188294563293
IntDiv2,0.8557961569785341
Filters,0.9575
logP,0.07809301082493733
SA,0.1538442376458028
QED,0.014725231438856666
weight,2.862923439722315
Novelty,1.0
