valid,1.0
unique@1000,1.0
unique@10000,1.0
FCD/Test,0.6596136231848533
SNN/Test,0.5640203021590908
Scaf/Test,0.7145616055097374
FCD/TestSF,1.1229626086245759
SNN/TestSF,0.5374241850276789
Frag/TestSF,0.9976805637919597
Scaf/TestSF,0.13885292557736384
IntDiv,0.859588163521025
IntDiv2,0.8533093631395713
Filters,0.9521666666666667
logP,0.08985966625356391
SA,0.14315201169958913
QED,0.01656080281809155
weight,2.726562500929535
Novelty,1.0
