valid,1.0
unique@1000,1.0
unique@10000,1.0
FCD/Test,1.4236526938607028
SNN/Test,0.437515513834854
Scaf/Test,0.3574179529271675
IntDiv,0.8713850789651341
IntDiv2,0.8652834510517975
Filters,0.8595
logP,0.3677063883892442
SA,0.07630475827402888
QED,0.05758577944100441
weight,37.86488132702579
Novelty,1.0
