valid,1.0
unique@1000,1.0
unique@10000,1.0
FCD/Test,1.1835525825990345
SNN/Test,0.4264000502899289
Scaf/Test,0.32681988468625633
IntDiv,0.8704037226434284
IntDiv2,0.8647001026110226
Filters,0.8435
logP,0.10360267808403394
SA,0.021726383438673006
QED,0.020533212675869845
weight,15.765044888612575
Novelty,1.0
