valid,1.0
unique@1000,1.0
unique@10000,1.0
FCD/Test,1.2718152922023336
SNN/Test,0.4300495014352103
Scaf/Test,0.3053009791203387
IntDiv,0.8689002814315028
IntDiv2,0.8630763523412831
Filters,0.8486666666666667
logP,0.09365259276898477
SA,0.06572451498244969
QED,0.02374762148925403
weight,18.853659615974678
Novelty,1.0
