valid,1.0
unique@1000,1.0
unique@10000,1.0
FCD/Test,1.2756298155958632
SNN/Test,0.41407445532580217
Scaf/Test,0.2467126870046118
IntDiv,0.8674488439512253
IntDiv2,0.8620131347376695
Filters,0.8206666666666667
logP,0.13101701365472188
SA,0.06154983870507324
QED,0.010074711028959842
weight,7.237209641489504
Novelty,1.0
