valid,1.0
unique@1000,1.0
unique@10000,1.0
FCD/Test,1.3807302716521548
SNN/Test,0.3911534851801892
Scaf/Test,0.20941025701012128
IntDiv,0.8720145468444692
IntDiv2,0.8666934574206748
Filters,0.7991666666666667
logP,0.19436886341341345
SA,0.17828735954963096
QED,0.009566518694375675
weight,6.42899090799688
Novelty,1.0
