valid,1.0
unique@1000,1.0
unique@10000,1.0
FCD/Test,1.4669146497358554
SNN/Test,0.4005161824884514
Scaf/Test,0.2690111541808846
IntDiv,0.8724708397583166
IntDiv2,0.8668521703901042
Filters,0.8201666666666667
logP,0.10506720167195947
SA,0.0939229978489843
QED,0.03258049811117587
weight,21.103100660359107
Novelty,1.0
