valid,1.0
unique@1000,1.0
unique@10000,1.0
FCD/Test,1.3653671214575667
SNN/Test,0.3959789915829897
Scaf/Test,0.20423021880056258
IntDiv,0.8695844688745075
IntDiv2,0.8642976120943747
Filters,0.8211666666666667
logP,0.1060899076137284
SA,0.13932840104421026
QED,0.004902326404156637
weight,4.339935358459651
Novelty,1.0
