valid,1.0
unique@1000,1.0
FCD/Test,1.5526076132808129
SNN/Test,0.41069431227321423
Scaf/Test,0.2709095106674577
IntDiv,0.8738604635008218
IntDiv2,0.8680446668245986
Filters,0.821
logP,0.1719193329336593
SA,0.05323799572954854
QED,0.021155204159642397
weight,28.450406399799395
Novelty,1.0
