valid,1.0
unique@1000,1.0
FCD/Test,1.5840454042754857
SNN/Test,0.41326026095077395
Scaf/Test,0.3012708121367724
IntDiv,0.8752801300794201
IntDiv2,0.8693208564799235
Filters,0.8133333333333334
logP,0.0826262745997263
SA,0.04793445723065699
QED,0.04699136624213399
weight,36.00497949369244
Novelty,1.0
