valid,1.0
unique@1000,1.0
FCD/Test,1.6661106786469304
SNN/Test,0.40778674520676333
Scaf/Test,0.2887157192882295
IntDiv,0.8748032700640758
IntDiv2,0.8690746312962271
Filters,0.809
logP,0.2810888724418861
SA,0.08995033743814991
QED,0.02439355324253591
weight,29.85262532961673
Novelty,1.0
