valid,1.0
unique@1000,1.0
FCD/Test,1.6126945067138365
SNN/Test,0.4190172642872979
Scaf/Test,0.3030752380510997
IntDiv,0.8742911036174662
IntDiv2,0.8682112753067623
Filters,0.832
logP,0.19299426860350324
SA,0.03495233136464484
QED,0.047661929041433425
weight,38.95006933478949
Novelty,1.0
