valid,1.0
unique@1000,1.0
unique@10000,1.0
FCD/Test,0.6462995245654213
SNN/Test,0.49709337409834065
Scaf/Test,0.37409053745331144
IntDiv,0.8686849401241938
IntDiv2,0.8633067686665525
Filters,0.8281666666666667
logP,0.07725359343289018
SA,0.03154479148980192
QED,0.014452431106950764
weight,2.8342874036962744
Novelty,1.0
