valid,1.0
unique@1000,1.0
unique@10000,1.0
FCD/Test,0.6676282619493747
SNN/Test,0.5051632163946828
Scaf/Test,0.4026697800470066
IntDiv,0.8682537262063557
IntDiv2,0.8628048035055494
Filters,0.8573333333333333
logP,0.14361778377925025
SA,0.028078371944760268
QED,0.01836106577844586
weight,5.6149790513854185
Novelty,1.0
