valid,1.0
unique@1000,1.0
unique@10000,1.0
FCD/Test,0.7538053483774121
SNN/Test,0.50510328728954
Scaf/Test,0.39663646481096937
IntDiv,0.871384870118671
IntDiv2,0.8658303821732339
Filters,0.8565
logP,0.1307974828076709
SA,0.030084465444588083
QED,0.010161157746621689
weight,6.130736704653148
Novelty,1.0
