valid,1.0
unique@1000,1.0
unique@10000,1.0
FCD/Test,5.868877042913638
SNN/Test,0.3707306582455834
Scaf/Test,0.2908201359075542
IntDiv,0.8807348173217774
IntDiv2,0.8758547528122412
Filters,0.5681666666666667
logP,0.10037608551433208
SA,0.754090331292557
QED,0.013584195200587554
weight,8.766843036959658
Novelty,1.0
