valid,1.0
unique@1000,1.0
unique@10000,1.0
FCD/Test,6.017806438047707
SNN/Test,0.36995506774634124
Scaf/Test,0.197090131130766
IntDiv,0.8814397406749725
IntDiv2,0.8765489928820231
Filters,0.5616666666666666
logP,0.1653751497508394
SA,0.8106131887561161
QED,0.013917364906958574
weight,7.846911256920894
Novelty,1.0
