valid,1.0
unique@1000,1.0
FCD/Test,0.6913021959982188
SNN/Test,0.5363353492251287
Scaf/Test,0.6297760381180584
IntDiv,0.8603772820934413
IntDiv2,0.8541596667775861
Filters,0.9395
logP,0.07305229052944287
SA,0.16333464886473315
QED,0.019381221777438434
weight,4.27033920331769
Novelty,0.9911666666666666
