valid,1.0
unique@1000,1.0
FCD/Test,0.675105840765795
SNN/Test,0.5387331574416409
Scaf/Test,0.6486535787967058
IntDiv,0.8604056298319751
IntDiv2,0.8541975505837808
Filters,0.947
logP,0.09183544073231725
SA,0.1752005718550885
QED,0.01943080886425058
weight,5.837046311612053
Novelty,0.992
