valid,1.0
unique@1000,1.0
FCD/Test,0.6461980887257823
SNN/Test,0.5433132584672421
Scaf/Test,0.639021066328688
IntDiv,0.8578854088486524
IntDiv2,0.8518762445005728
Filters,0.9453333333333334
logP,0.06732923603947975
SA,0.15612478045781725
QED,0.016822273156498688
weight,4.293678207564629
Novelty,0.9873333333333333
