valid,1.0
unique@1000,1.0
FCD/Test,0.6597531782373096
SNN/Test,0.5437623060848564
Scaf/Test,0.6836743383016842
IntDiv,0.8587464483030323
IntDiv2,0.852505172378831
Filters,0.9526666666666667
logP,0.10712388493956211
SA,0.13680711134495718
QED,0.016430300193798313
weight,5.048175388074791
Novelty,0.9888333333333333
