valid,1.0
unique@1000,1.0
FCD/Test,0.6168678334677509
SNN/Test,0.537934017110616
Scaf/Test,0.6856488921143085
IntDiv,0.8590912497760694
IntDiv2,0.8529563813969452
Filters,0.9501666666666667
logP,0.06359638251317329
SA,0.16203569366066
QED,0.018336628763380613
weight,3.7815090384262895
Novelty,0.9918333333333333
