valid,1.0
unique@1000,1.0
FCD/Test,0.5903641302248275
SNN/Test,0.5524612949198733
Scaf/Test,0.6466427699529311
IntDiv,0.8595282885569859
IntDiv2,0.853443343826122
Filters,0.9466666666666667
logP,0.030391239815652456
SA,0.14911857015011634
QED,0.019082314448020624
weight,3.5587687515754958
Novelty,0.9866666666666667
