valid,1.0
unique@1000,1.0
FCD/Test,0.6036392935676247
SNN/Test,0.5571310905528565
Scaf/Test,0.6750206814290284
IntDiv,0.8569033384413736
IntDiv2,0.8508232304186137
Filters,0.938
logP,0.0854066326692364
SA,0.12214216226155156
QED,0.014037936581195733
weight,3.53204328699396
Novelty,0.9833333333333333
