valid,1.0
unique@1000,1.0
FCD/Test,0.5930584384937703
SNN/Test,0.5524310580696911
Scaf/Test,0.6854358969324418
IntDiv,0.8598589814401038
IntDiv2,0.8537156937932642
Filters,0.9493333333333334
logP,0.06056524802159092
SA,0.1457677962624275
QED,0.01580696326219152
weight,2.7469115676513356
Novelty,0.9851666666666666
