valid,1.0
unique@1000,1.0
FCD/Test,0.6072245876894158
SNN/Test,0.5507726315626253
Scaf/Test,0.6710822982225315
IntDiv,0.8589375177001837
IntDiv2,0.85294037678611
Filters,0.9433333333333334
logP,0.16156856148188037
SA,0.1466699819363618
QED,0.018696288908781302
weight,6.432641901896017
Novelty,0.988
