valid,1.0
unique@1000,1.0
FCD/Test,0.6258965336625266
SNN/Test,0.5438942794675629
Scaf/Test,0.6758023101429347
IntDiv,0.8595839988800515
IntDiv2,0.8536368092293659
Filters,0.946
logP,0.09773109523093536
SA,0.1762102897624842
QED,0.021718836411098896
weight,10.072131893695781
Novelty,0.9923333333333333
