valid,1.0
unique@1000,1.0
FCD/Test,1.6569403491442358
SNN/Test,0.43328252394869926
Scaf/Test,0.31139280586040297
IntDiv,0.8716050589040535
IntDiv2,0.8655836047652568
Filters,0.8146666666666667
logP,0.2532082726616779
SA,0.043843474699961436
QED,0.031333768591019315
weight,36.42378428699126
Novelty,1.0
