valid,1.0
unique@1000,1.0
FCD/Test,2.4529105600020955
SNN/Test,0.4121557889872541
Scaf/Test,0.2396816259398976
IntDiv,0.8752612249445046
IntDiv2,0.8694840464114157
Filters,0.8263333333333334
logP,0.2482981664529165
SA,0.1127518367257265
QED,0.027585012583979548
weight,36.898044501456155
Novelty,1.0
