valid,1.0
unique@1000,1.0
FCD/Test,2.279646323483135
SNN/Test,0.42697951140068474
Scaf/Test,0.2612277194162873
IntDiv,0.8730845595045326
IntDiv2,0.8669492069382954
Filters,0.8498333333333333
logP,0.1383233274099626
SA,0.1092691006230655
QED,0.06166340978801115
weight,45.756661493692434
Novelty,1.0
