valid,1.0
unique@1000,1.0
FCD/Test,1.5185982908024442
SNN/Test,0.4263759479218473
Scaf/Test,0.3032776600619904
IntDiv,0.8762446681020839
IntDiv2,0.8701045975503148
Filters,0.8278333333333333
logP,0.3537664964060731
SA,0.029584885526427514
QED,0.03642638285179743
weight,38.81583539979942
Novelty,1.0
