valid,1.0
unique@1000,1.0
FCD/Test,3.097382094665548
SNN/Test,0.3754738814327866
Scaf/Test,0.16542369835314663
IntDiv,0.8761871615064516
IntDiv2,0.8706254098193246
Filters,0.8123333333333334
logP,0.11491883445893422
SA,0.20705058669878482
QED,0.013734658395382996
weight,20.85922741791247
Novelty,1.0
