valid,1.0
unique@1000,1.0
FCD/Test,2.8440365042206537
SNN/Test,0.4054992058544109
Scaf/Test,0.4234740074746062
IntDiv,0.8765155135752948
IntDiv2,0.8698358037368206
Filters,0.8318333333333333
logP,0.2769548500678375
SA,0.12269340754275078
QED,0.07925984221868819
weight,60.71488016812285
Novelty,1.0
