valid,1.0
unique@1000,1.0
FCD/Test,2.752374358760008
SNN/Test,0.41272648821398616
Scaf/Test,0.3382391817879965
IntDiv,0.8713235267046691
IntDiv2,0.8649517137046657
Filters,0.8388333333333333
logP,0.08451699009018832
SA,0.16533056918799985
QED,0.05302247768692205
weight,47.95044232961675
Novelty,1.0
