valid,1.0
unique@1000,1.0
unique@10000,1.0
FCD/Test,0.893900948633771
SNN/Test,0.47631550414425633
Scaf/Test,0.3489376727774036
FCD/TestSF,8.075144335307556
SNN/TestSF,0.4040543589728574
Frag/TestSF,0.9540212520162005
Scaf/TestSF,0.042765224859510065
IntDiv,0.8695872035778505
IntDiv2,0.863875480976739
Filters,0.8456666666666667
logP,0.1225848896221448
SA,0.08152030747583373
QED,0.02901230330692039
weight,17.45659292634883
Novelty,1.0
