valid,1.0
unique@1000,1.0
FCD/Test,1.4492172356498827
SNN/Test,0.4373697585395227
Scaf/Test,0.3040843609998207
IntDiv,0.8741697835173524
IntDiv2,0.868407796589549
Filters,0.8083333333333333
logP,0.10195631456685957
SA,0.06530850271933317
QED,0.02201694154166465
weight,30.54044316812281
Novelty,1.0
