valid,1.0
unique@1000,1.0
FCD/Test,1.318299043806718
SNN/Test,0.4443880692310631
Scaf/Test,0.33212052980695306
IntDiv,0.8754096267234212
IntDiv2,0.8695570599680872
Filters,0.8345
logP,0.21486507721574588
SA,0.05048684713768664
QED,0.047701721666819144
weight,41.028304453657924
Novelty,1.0
