valid,1.0
unique@1000,1.0
FCD/Test,1.3462665920256143
SNN/Test,0.44652109758928415
Scaf/Test,0.33371485476096696
IntDiv,0.8751619365578732
IntDiv2,0.8692993047554118
Filters,0.8245
logP,0.19990632431194447
SA,0.022890453937659604
QED,0.0344514914986984
weight,37.468246160359115
Novelty,1.0
