valid,1.0
unique@1000,1.0
FCD/Test,1.420057984604739
SNN/Test,0.437550831861794
Scaf/Test,0.31337445340275516
IntDiv,0.8748043914449173
IntDiv2,0.8689410869553629
Filters,0.8266666666666667
logP,0.07882343952805834
SA,0.05564573331579645
QED,0.02360763554200787
weight,33.149703496283415
Novelty,1.0
