valid,1.0
unique@1000,1.0
FCD/Test,1.3229259034061442
SNN/Test,0.44989688982566195
Scaf/Test,0.2824982270265253
IntDiv,0.872727266832605
IntDiv2,0.8668136594115053
Filters,0.8186666666666667
logP,0.09523647684511688
SA,0.05562583433979367
QED,0.03352861018383982
weight,35.73883773313273
Novelty,1.0
