valid,1.0
unique@1000,1.0
unique@10000,1.0
FCD/Test,1.311473119914794
SNN/Test,0.42051121688385806
Scaf/Test,0.26775281137021234
IntDiv,0.8690387839828068
IntDiv2,0.8634159278775961
Filters,0.8446666666666667
logP,0.11451596631952121
SA,0.04195229792799089
QED,0.02645478690364359
weight,18.961568366604126
Novelty,1.0
