valid,1.0
unique@1000,1.0
unique@10000,1.0
FCD/Test,1.351172392314865
SNN/Test,0.42177073907355467
Scaf/Test,0.27481530469381776
IntDiv,0.86746440085623
IntDiv2,0.8618855509362835
Filters,0.8383333333333334
logP,0.10811481645434906
SA,0.04525706750987685
QED,0.01726540918334321
weight,13.651645881267726
Novelty,1.0
