valid,1.0
unique@1000,1.0
unique@10000,1.0
FCD/Test,3.4509533062146147
SNN/Test,0.390789948888123
Scaf/Test,0.23892602444115085
IntDiv,0.8691990036507713
IntDiv2,0.8641275241322677
Filters,0.738
logP,0.4253668854932813
SA,0.4078333077725762
QED,0.05919757058597649
weight,36.61386188212984
Novelty,1.0
