valid,1.0
unique@1000,1.0
unique@10000,1.0
FCD/Test,1.7169905769790432
SNN/Test,0.40927191858241957
Scaf/Test,0.1632087926457979
IntDiv,0.8708235265567568
IntDiv2,0.8654691004086382
Filters,0.8398333333333333
logP,0.2684133799952238
SA,0.08971064713804372
QED,0.03569265091704505
weight,15.908030066466058
Novelty,1.0
