valid,1.0
unique@1000,1.0
unique@10000,1.0
FCD/Test,2.586487702040756
SNN/Test,0.4351981966321667
Scaf/Test,0.34137253408306234
IntDiv,0.8701928171858258
IntDiv2,0.8637220863790236
Filters,0.8635
logP,0.3970825640804665
SA,0.12511243966528324
QED,0.04185782743631556
weight,36.165510827025784
Novelty,1.0
