valid,1.0
unique@1000,1.0
unique@10000,1.0
FCD/Test,2.198111564613953
SNN/Test,0.4407912095934153
Scaf/Test,0.348816556013421
IntDiv,0.8671802796802521
IntDiv2,0.8608313277104436
Filters,0.8433333333333334
logP,0.06447676045396024
SA,0.1854550487597727
QED,0.05382550554105644
weight,31.008673535956564
Novelty,1.0
