valid,1.0
unique@1000,1.0
unique@10000,1.0
FCD/Test,1.3000925633421616
SNN/Test,0.4000755596396824
Scaf/Test,0.21821974224792928
IntDiv,0.8699926983874242
IntDiv2,0.8646599830690324
Filters,0.8215
logP,0.08044708884532326
SA,0.08618181955154877
QED,0.006020100069526162
weight,6.823163533810092
Novelty,1.0
