valid,1.0
unique@1000,1.0
unique@10000,1.0
FCD/Test,1.3234012669868065
SNN/Test,0.4085956772218148
Scaf/Test,0.27145336770849193
IntDiv,0.8704783513685862
IntDiv2,0.8648139010278615
Filters,0.8258333333333333
logP,0.10128870744955952
SA,0.035708817498072226
QED,0.0171106269919662
weight,11.499714129378818
Novelty,1.0
