valid,1.0
unique@1000,1.0
unique@10000,1.0
FCD/Test,1.227674838923889
SNN/Test,0.40309152136867243
Scaf/Test,0.24115994645379035
IntDiv,0.870603141280055
IntDiv2,0.8651236903128121
Filters,0.8216666666666667
logP,0.11774444790946717
SA,0.07509022588729537
QED,0.009502195742514541
weight,9.574216808437269
Novelty,1.0
