valid,1.0
unique@1000,1.0
unique@10000,1.0
FCD/Test,0.6508895704807003
SNN/Test,0.5231547547553976
Scaf/Test,0.3760362671763884
IntDiv,0.8707874422636033
IntDiv2,0.8651641480114649
Filters,0.856
logP,0.14561419599716832
SA,0.01385910460240508
QED,0.02485267205589676
weight,11.849698644140492
Novelty,1.0
