valid,1.0
unique@1000,1.0
unique@10000,1.0
FCD/Test,0.6779259067870669
SNN/Test,0.5146277215406299
Scaf/Test,0.423852463382984
IntDiv,0.8696884518531164
IntDiv2,0.8640472330132508
Filters,0.8521666666666666
logP,0.09605036113703411
SA,0.05222367054407625
QED,0.016866323826389067
weight,9.256136007084999
Novelty,1.0
