valid,1.0
unique@1000,1.0
unique@10000,1.0
FCD/Test,0.6634064956463988
SNN/Test,0.5180304956361651
Scaf/Test,0.4110301789234623
IntDiv,0.8707431186425951
IntDiv2,0.8650967100840028
Filters,0.845
logP,0.0985902387546169
SA,0.04248691778656627
QED,0.0023761039433378367
weight,7.859975326115103
Novelty,1.0
