valid,1.0
unique@1000,1.0
unique@10000,1.0
FCD/Test,9.437004074681596
SNN/Test,0.3296788022580246
Scaf/Test,0.1875564065572164
IntDiv,0.8836782248410251
IntDiv2,0.8789681491447998
Filters,0.4765
logP,0.4361674269514689
SA,1.1249614417929
QED,0.030820693436263744
weight,7.486749874598222
Novelty,1.0
