valid,1.0
unique@1000,1.0
unique@10000,1.0
FCD/Test,9.298315774900203
SNN/Test,0.3298052353883783
Scaf/Test,0.1709705447340385
IntDiv,0.8836557480645709
IntDiv2,0.8789854515043541
Filters,0.45916666666666667
logP,0.38972820890996035
SA,1.1262313334614384
QED,0.02836283388028909
weight,9.116590127422842
Novelty,1.0
