valid,1.0
unique@1000,1.0
unique@10000,1.0
FCD/Test,9.355288580385604
SNN/Test,0.3287349503276249
Scaf/Test,0.16288925351367411
IntDiv,0.88428210151577
IntDiv2,0.8795344185871254
Filters,0.4495
logP,0.26917838156656376
SA,1.099768205521839
QED,0.015145106980561054
weight,14.673426168122809
Novelty,1.0
