valid,1.0
unique@1000,1.0
unique@10000,1.0
FCD/Test,0.32384936532311315
SNN/Test,0.5624031206021707
Scaf/Test,0.695856818616601
FCD/TestSF,0.7143202372522666
SNN/TestSF,0.5400051266302665
Frag/TestSF,0.997183042587185
Scaf/TestSF,0.17202223526441318
IntDiv,0.8563334423595005
IntDiv2,0.8502292888316282
Filters,0.9888333333333333
logP,0.08135579497073206
SA,0.059282159600192785
QED,0.005194224731420311
weight,3.800308731955506
Novelty,1.0
