valid,1.0
unique@1000,1.0
unique@10000,1.0
FCD/Test,0.29603522523372305
SNN/Test,0.5630662486404181
Scaf/Test,0.7481735528404615
FCD/TestSF,0.6561923917951873
SNN/TestSF,0.5406597621788581
Frag/TestSF,0.99870778293765
Scaf/TestSF,0.13065612299849094
IntDiv,0.8567405926040014
IntDiv2,0.8505712817949285
Filters,0.9878333333333333
logP,0.07785378971862218
SA,0.048575966127075244
QED,0.007413302915522452
weight,3.978529993690155
Novelty,1.0
