valid,1.0
unique@1000,1.0
unique@10000,1.0
FCD/Test,0.4294423965097849
SNN/Test,0.5610216287424167
Scaf/Test,0.6957660459639974
FCD/TestSF,0.8423240144073532
SNN/TestSF,0.5372197237834334
Frag/TestSF,0.9960148503491146
Scaf/TestSF,0.1360855684514103
IntDiv,0.857119919254303
IntDiv2,0.8510620122256306
Filters,0.9903333333333333
logP,0.15870558905840737
SA,0.07412623222755547
QED,0.005718676955944031
weight,4.13646839536218
Novelty,1.0
