valid,1.0
unique@1000,1.0
unique@10000,1.0
FCD/Test,0.3260604660186601
SNN/Test,0.5649586950937907
Scaf/Test,0.7518830628355945
FCD/TestSF,0.688057505373564
SNN/TestSF,0.5409907638331254
Frag/TestSF,0.9977522323944276
Scaf/TestSF,0.14670561375062197
IntDiv,0.8547220624754164
IntDiv2,0.8485755139020159
Filters,0.9913333333333333
logP,0.08692182522579532
SA,0.04878929896103403
QED,0.005273223709088925
weight,4.923331152937597
Novelty,1.0
