valid,1.0
unique@1000,1.0
unique@10000,1.0
FCD/Test,0.3220000962770939
SNN/Test,0.5662860065450271
Scaf/Test,0.6865398589728511
FCD/TestSF,0.7043514904165704
SNN/TestSF,0.5422028652007381
Frag/TestSF,0.9981549606936703
Scaf/TestSF,0.1657385596856319
IntDiv,0.8557723813809289
IntDiv2,0.8495806490601623
Filters,0.9901666666666666
logP,0.07395328078546529
SA,0.03969675805012242
QED,0.004446735196988496
weight,3.8756304115788467
Novelty,1.0
