valid,1.0
unique@1000,1.0
unique@10000,1.0
FCD/Test,0.6884094448220281
SNN/Test,0.4806837767114242
Scaf/Test,0.3418380944033771
IntDiv,0.8688295363763173
IntDiv2,0.8634583978296587
Filters,0.8363333333333334
logP,0.040334555088631936
SA,0.027000761686272412
QED,0.004410250949862645
weight,1.8264605279870816
Novelty,1.0
