valid,1.0
unique@1000,1.0
unique@10000,1.0
FCD/Test,0.6843401041292196
SNN/Test,0.48453616773337127
Scaf/Test,0.38526775737876484
IntDiv,0.8703700768720839
IntDiv2,0.864854624466147
Filters,0.8493333333333334
logP,0.16068466083002858
SA,0.01595740469998577
QED,0.022092873121106922
weight,11.090876039241717
Novelty,1.0
