valid,1.0
unique@1000,1.0
unique@10000,1.0
FCD/Test,0.6357758218264138
SNN/Test,0.48760976015528046
Scaf/Test,0.38969738256886655
IntDiv,0.8679821879106098
IntDiv2,0.8625673667760554
Filters,0.8516666666666667
logP,0.0648494947442134
SA,0.016684053507599068
QED,0.0020649337888619633
weight,1.721456673090616
Novelty,1.0
