valid,1.0
unique@1000,1.0
unique@10000,1.0
FCD/Test,0.6878761311757842
SNN/Test,0.4874600629061461
Scaf/Test,0.4225974901276449
IntDiv,0.8689708133575651
IntDiv2,0.8634898302409517
Filters,0.8515
logP,0.062329909789115595
SA,0.031101409196768688
QED,0.0027040289441656934
weight,4.191682469125453
Novelty,1.0
