valid,1.0
unique@1000,1.0
unique@10000,1.0
FCD/Test,1.2604999704992395
SNN/Test,0.5294237408414483
Scaf/Test,0.673853472452526
FCD/TestSF,1.892684770907664
SNN/TestSF,0.5068144867941737
Frag/TestSF,0.9941083312015025
Scaf/TestSF,0.17797946234097295
IntDiv,0.8632653976210223
IntDiv2,0.8571227234174768
Filters,0.9095
logP,0.19977310304483728
SA,0.299312141596094
QED,0.022162801075421165
weight,3.402441699879975
Novelty,1.0
