valid,1.0
unique@1000,1.0
unique@10000,1.0
FCD/Test,0.9850230258388137
SNN/Test,0.536749283588181
Scaf/Test,0.714181581154903
FCD/TestSF,1.5531739586176485
SNN/TestSF,0.5141783678792418
Frag/TestSF,0.9960258345469729
Scaf/TestSF,0.13280922841126686
IntDiv,0.8594328027693431
IntDiv2,0.8533464266596527
Filters,0.9203333333333333
logP,0.0894384300581764
SA,0.2218498895155478
QED,0.024166698284714388
weight,5.221864650338306
Novelty,1.0
