valid,1.0
unique@1000,1.0
unique@10000,1.0
FCD/Test,1.113133917284685
SNN/Test,0.5324980252186458
Scaf/Test,0.6833783354213332
FCD/TestSF,1.6643771676805557
SNN/TestSF,0.5118346359729767
Frag/TestSF,0.9937409253571995
Scaf/TestSF,0.1637352903446807
IntDiv,0.8595624276947446
IntDiv2,0.8535974917901255
Filters,0.921
logP,0.11010506027147686
SA,0.24166063124954335
QED,0.0240353645855074
weight,3.4434296375747335
Novelty,1.0
