valid,1.0
unique@1000,1.0
unique@10000,1.0
FCD/Test,1.0923437771615312
SNN/Test,0.5323785406251749
Scaf/Test,0.7191537478153504
FCD/TestSF,1.6608376148267752
SNN/TestSF,0.510634767388304
Frag/TestSF,0.9970120437749433
Scaf/TestSF,0.15994998263207982
IntDiv,0.8613422820073233
IntDiv2,0.855244315828859
Filters,0.9186666666666666
logP,0.1125166935164761
SA,0.2544498875277783
QED,0.019509825055691096
weight,3.405818881513835
Novelty,1.0
