valid,1.0
unique@1000,1.0
unique@10000,1.0
FCD/Test,1.158791568964915
SNN/Test,0.530232239237676
Scaf/Test,0.7225032368502508
FCD/TestSF,1.742746258763276
SNN/TestSF,0.5096197647837301
Frag/TestSF,0.997020869426265
Scaf/TestSF,0.12452351224226998
IntDiv,0.8615744584442775
IntDiv2,0.8554446611447994
Filters,0.9158333333333334
logP,0.12954636556090063
SA,0.2620131172477224
QED,0.02190629674188079
weight,3.4673704172014777
Novelty,1.0
