valid,1.0
unique@1000,1.0
unique@10000,1.0
FCD/Test,1.2149172819043201
SNN/Test,0.4568941760721306
Scaf/Test,0.26950855528453865
FCD/TestSF,8.437526569328824
SNN/TestSF,0.4019438338279724
Frag/TestSF,0.9626806531278643
Scaf/TestSF,0.03953713572889006
IntDiv,0.8666890442348885
IntDiv2,0.8613190659507063
Filters,0.8263333333333334
logP,0.11327347174086053
SA,0.02398928162120302
QED,0.022979720579285524
weight,7.994187637842884
Novelty,1.0
