valid,1.0
unique@1000,1.0
unique@10000,1.0
FCD/Test,1.1601947247816469
SNN/Test,0.4777318318237861
Scaf/Test,0.3473146921673834
IntDiv,0.8698425964004728
IntDiv2,0.8642084774026675
Filters,0.8356666666666667
logP,0.1859994738550901
SA,0.03628716563011283
QED,0.0038470876977904586
weight,3.3436821122305576
Novelty,1.0
