valid,1.0
unique@1000,1.0
unique@10000,1.0
FCD/Test,1.006199090550922
SNN/Test,0.4847247019857168
Scaf/Test,0.29253595259170384
IntDiv,0.8658978646918403
IntDiv2,0.8604213074306664
Filters,0.8638333333333333
logP,0.14286992698119044
SA,0.06651754799518356
QED,0.011527641211584269
weight,2.5942423481442436
Novelty,1.0
