valid,1.0
unique@1000,1.0
unique@10000,1.0
FCD/Test,0.29343407521790255
SNN/Test,0.6286291156957546
Scaf/Test,0.7388128845680976
IntDiv,0.8579274806009929
IntDiv2,0.8516920541585172
Filters,0.9941666666666666
logP,0.06526312493821954
SA,0.05386687612556633
QED,0.004664590534374444
weight,3.406446684564428
Novelty,1.0
