valid,1.0
unique@1000,1.0
unique@10000,1.0
FCD/Test,0.2981599143212179
SNN/Test,0.6323495401913921
Scaf/Test,0.7578678623791791
IntDiv,0.8549947139276928
IntDiv2,0.8487681514171008
Filters,0.9948333333333333
logP,0.0736725191636418
SA,0.006395856158456121
QED,0.007564412363434096
weight,3.136177784282291
Novelty,1.0
