valid,1.0
unique@1000,1.0
unique@10000,1.0
FCD/Test,0.35705045872204266
SNN/Test,0.6358568354547024
Scaf/Test,0.7766883313040468
IntDiv,0.8535316442804337
IntDiv2,0.8473523735339328
Filters,0.994
logP,0.07385266350744442
SA,0.00877424417932885
QED,0.0025845584754378165
weight,3.104432976706454
Novelty,1.0
