valid,1.0
unique@1000,1.0
unique@10000,1.0
FCD/Test,0.3750635265476916
SNN/Test,0.6269179182797671
Scaf/Test,0.7583546811815727
IntDiv,0.8543818386215634
IntDiv2,0.8481636294999111
Filters,0.9915
logP,0.051318181210114555
SA,0.020890867258695055
QED,0.009130810089340314
weight,3.19884011943402
Novelty,1.0
