valid,1.0
unique@1000,1.0
unique@10000,1.0
FCD/Test,0.4098133073205048
SNN/Test,0.6249230621481935
Scaf/Test,0.7671419548815545
IntDiv,0.8557399964088335
IntDiv2,0.849545567613605
Filters,0.9946666666666667
logP,0.050252184017514384
SA,0.04349368701415536
QED,0.005612902163357298
weight,3.7796883475676406
Novelty,1.0
