valid,1.0
unique@1000,1.0
unique@10000,1.0
FCD/Test,1.0712617262158233
SNN/Test,0.4615647412339846
Scaf/Test,0.4629626227551933
IntDiv,0.8715395625633664
IntDiv2,0.8656621973615026
Filters,0.8643333333333333
logP,0.16692558348765335
SA,0.0763298339419516
QED,0.05259952493904915
weight,28.62535806646608
Novelty,1.0
