valid,1.0
unique@1000,1.0
unique@10000,1.0
FCD/Test,0.8291580696347438
SNN/Test,0.44852224954714376
Scaf/Test,0.3401429062667011
IntDiv,0.8682685151584413
IntDiv2,0.8629251299905972
Filters,0.8421666666666666
logP,0.0639074708956547
SA,0.038173579374556635
QED,0.0072734773900656685
weight,3.885216506789138
Novelty,1.0
