valid,1.0
unique@1000,1.0
unique@10000,1.0
FCD/Test,1.0457590177802416
SNN/Test,0.4865440497646729
Scaf/Test,0.38513224336661067
FCD/TestSF,7.394230302429406
SNN/TestSF,0.4001900507013003
Frag/TestSF,0.9650849322750465
Scaf/TestSF,0.0735400430536991
IntDiv,0.8740027020014657
IntDiv2,0.8682664415074932
Filters,0.8566666666666667
logP,0.4810215499610011
SA,0.010446433754397251
QED,0.060262102558976946
weight,30.410264233132736
Novelty,1.0
