valid,1.0
unique@1000,1.0
unique@10000,1.0
FCD/Test,1.0405135165327835
SNN/Test,0.4968098871484399
Scaf/Test,0.4505829720428127
FCD/TestSF,8.314305514076665
SNN/TestSF,0.40114556945115326
Frag/TestSF,0.9529993738004395
Scaf/TestSF,0.07310649446385942
IntDiv,0.8698214190177918
IntDiv2,0.864064547139138
Filters,0.8493333333333334
logP,0.13383350241414613
SA,0.028015759593382233
QED,0.026095742463887604
weight,15.877453445963763
Novelty,1.0
