valid,1.0
unique@1000,1.0
unique@10000,1.0
FCD/Test,1.2662711997905802
SNN/Test,0.5015081210564822
Scaf/Test,0.47613430083608366
FCD/TestSF,7.539765187001194
SNN/TestSF,0.414054017033428
Frag/TestSF,0.9358721729495582
Scaf/TestSF,0.032921113103744015
IntDiv,0.8685525924893278
IntDiv2,0.8624635377858318
Filters,0.851
logP,0.04901068968698508
SA,0.22600594113100295
QED,0.05816097327266102
weight,36.86908340760554
Novelty,1.0
