valid,1.0
unique@1000,1.0
unique@10000,1.0
FCD/Test,1.1954896216563498
SNN/Test,0.4605380672092239
Scaf/Test,0.35595087940089853
IntDiv,0.8695845289562013
IntDiv2,0.8637553838634731
Filters,0.838
logP,0.16318696434090255
SA,0.07378838874328912
QED,0.0058567718715427566
weight,8.154764493987482
Novelty,1.0
