valid,1.0
unique@1000,1.0
unique@10000,1.0
FCD/Test,0.9804715210599682
SNN/Test,0.4639179373594622
Scaf/Test,0.37591393782492144
IntDiv,0.8697484706319405
IntDiv2,0.8641484400566667
Filters,0.85
logP,0.39044153729710135
SA,0.03412654096324994
QED,0.04125359173977176
weight,25.702786660359102
Novelty,1.0
