valid,1.0
unique@1000,1.0
unique@10000,1.0
FCD/Test,1.080057822333771
SNN/Test,0.4600648702656229
Scaf/Test,0.3726514735417279
IntDiv,0.8705015158900155
IntDiv2,0.8647647234272824
Filters,0.8471666666666666
logP,0.11905181708848402
SA,0.05113242306212387
QED,0.0165185163865266
weight,14.848427434207341
Novelty,1.0
