valid,1.0
unique@1000,1.0
unique@10000,1.0
FCD/Test,0.3357457579550527
SNN/Test,0.6101782270272573
Scaf/Test,0.7047585297158442
IntDiv,0.8565577734916475
IntDiv2,0.8504598225583573
Filters,0.9925
logP,0.08728171256709477
SA,0.04967002129335946
QED,0.011756852013094498
weight,3.9271431296636727
Novelty,1.0
