valid,1.0
unique@1000,1.0
unique@10000,1.0
FCD/Test,0.3457491180837735
SNN/Test,0.6153306597520908
Scaf/Test,0.7133824809913739
IntDiv,0.8568339763769574
IntDiv2,0.8506826107258518
Filters,0.9921666666666666
logP,0.04812395071798624
SA,0.047862783320439944
QED,0.011230734523493281
weight,4.104833366034318
Novelty,1.0
