valid,1.0
unique@1000,1.0
unique@10000,1.0
FCD/Test,0.3011133873617382
SNN/Test,0.6220194213315845
Scaf/Test,0.7660676446260636
IntDiv,0.8565416421181361
IntDiv2,0.850244759756394
Filters,0.99
logP,0.08063957181280489
SA,0.019896398412638544
QED,0.0037766308454298234
weight,3.314433249929651
Novelty,1.0
