valid,1.0
unique@1000,1.0
unique@10000,1.0
FCD/Test,0.3184614553908176
SNN/Test,0.6198299594819546
Scaf/Test,0.7908834760225253
IntDiv,0.8547747141384548
IntDiv2,0.8485736020580859
Filters,0.991
logP,0.07306115594026169
SA,0.021173524813436546
QED,0.009617333752136175
weight,3.7039997829149685
Novelty,1.0
