valid,1.0
unique@1000,1.0
unique@10000,1.0
FCD/Test,0.30198926283999583
SNN/Test,0.6166188149377704
Scaf/Test,0.732368491744789
IntDiv,0.8571570254810651
IntDiv2,0.8510351592529704
Filters,0.991
logP,0.08436274466197576
SA,0.07255174309910024
QED,0.004489491398587091
weight,3.737764342095687
Novelty,1.0
