valid,1.0
unique@1000,1.0
unique@10000,1.0
FCD/Test,0.66587684667833
SNN/Test,0.512442217345039
Scaf/Test,0.41913802044258897
IntDiv,0.8690911622489293
IntDiv2,0.8634850137629401
Filters,0.85
logP,0.04138014825622762
SA,0.06790451222774499
QED,0.012961737714973947
weight,10.559258000804345
Novelty,1.0
