valid,1.0
unique@1000,1.0
unique@10000,1.0
FCD/Test,0.8102675896069371
SNN/Test,0.5156950254191955
Scaf/Test,0.41114963602602606
IntDiv,0.869521920118014
IntDiv2,0.8639785590631957
Filters,0.8485
logP,0.0984412976364534
SA,0.01583094506770012
QED,0.005035438679274876
weight,1.7382535925223972
Novelty,1.0
