valid,1.0
unique@1000,1.0
unique@10000,1.0
FCD/Test,1.193255612424423
SNN/Test,0.4048422831557691
Scaf/Test,0.23652693853263074
IntDiv,0.8719189083909459
IntDiv2,0.8664947675312589
Filters,0.8421666666666666
logP,0.1954786041566702
SA,0.10304009239046788
QED,0.022467323313094832
weight,12.469145939487454
Novelty,1.0
