valid,1.0
unique@1000,1.0
unique@10000,1.0
FCD/Test,1.184430594853552
SNN/Test,0.40474670422573883
Scaf/Test,0.23708978839696226
IntDiv,0.8691044017620616
IntDiv2,0.8637425413645932
Filters,0.8136666666666666
logP,0.13204410841860614
SA,0.1156626500786138
QED,0.03500184784439608
weight,14.986214022005372
Novelty,1.0
