valid,1.0
unique@1000,1.0
unique@10000,1.0
FCD/Test,0.888782595966461
SNN/Test,0.42200887778898083
Scaf/Test,0.3012834240868787
IntDiv,0.8712587679432763
IntDiv2,0.865843873369712
Filters,0.8188333333333333
logP,0.09374794654473692
SA,0.07259850128491475
QED,0.0071790368026731655
weight,5.411450151502827
Novelty,1.0
