valid,1.0
unique@1000,1.0
unique@10000,1.0
FCD/Test,0.9604525859423063
SNN/Test,0.4233218159849445
Scaf/Test,0.2356236513919714
IntDiv,0.8704431419980261
IntDiv2,0.8650368772982169
Filters,0.8145
logP,0.07640453078407916
SA,0.08101976305814551
QED,0.011239291399595876
weight,6.240888866297469
Novelty,1.0
