valid,1.0
unique@1000,1.0
FCD/Test,0.6981342127270835
SNN/Test,0.5376203244253993
Scaf/Test,0.6157784308526323
IntDiv,0.8608066279818788
IntDiv2,0.854644432635616
Filters,0.9428333333333333
logP,0.07581740120141536
SA,0.1604283626534586
QED,0.02477105112206866
weight,6.01390403940218
Novelty,0.9911666666666666
