valid,1.0
unique@1000,1.0
FCD/Test,0.6819110649888387
SNN/Test,0.5368880307879299
Scaf/Test,0.596064177119722
IntDiv,0.8599019907684028
IntDiv2,0.8537393441656193
Filters,0.9376666666666666
logP,0.13040389446803577
SA,0.1610440432575235
QED,0.020229442821258325
weight,4.555632736376673
Novelty,0.9911666666666666
