valid,1.0
unique@1000,1.0
FCD/Test,0.646275615175
SNN/Test,0.5433502780745427
Scaf/Test,0.6651303144889769
IntDiv,0.8595830388189654
IntDiv2,0.8532617291736891
Filters,0.9443333333333334
logP,0.0844730810941435
SA,0.12047874848031978
QED,0.01471632714708066
weight,7.587607822992674
Novelty,0.9903333333333333
