valid,1.0
unique@1000,1.0
FCD/Test,0.6968276500849413
SNN/Test,0.5392313213789215
Scaf/Test,0.6443592452449259
IntDiv,0.8601453394418086
IntDiv2,0.8538413138001564
Filters,0.9503333333333334
logP,0.07897079974034384
SA,0.15626849594139056
QED,0.01310165672939304
weight,5.9026861989084525
Novelty,0.9885
