valid,1.0
unique@1000,1.0
FCD/Test,0.620868118919546
SNN/Test,0.5403041785514603
Scaf/Test,0.6810005210206115
IntDiv,0.8581557950345498
IntDiv2,0.8521050090883013
Filters,0.9438333333333333
logP,0.0897782477798131
SA,0.1465494575857208
QED,0.018963826831926715
weight,4.957002596287752
Novelty,0.9908333333333333
