valid,1.0
unique@1000,1.0
unique@10000,1.0
FCD/Test,2.9256555459892013
SNN/Test,0.37785436054815846
Scaf/Test,0.2425963701710825
IntDiv,0.8759280412794749
IntDiv2,0.871026646016381
Filters,0.6963333333333334
logP,0.1470147651899914
SA,0.4602335526419702
QED,0.022675758220608886
weight,3.435549835319533
Novelty,1.0
