valid,1.0
unique@1000,1.0
unique@10000,1.0
FCD/Test,3.061988401123756
SNN/Test,0.37705720897515616
Scaf/Test,0.21695740517162743
IntDiv,0.875009004073143
IntDiv2,0.8701865310262218
Filters,0.687
logP,0.10378877634551595
SA,0.5101748591202103
QED,0.03296537308799351
weight,8.791737013045132
Novelty,1.0
