valid,1.0
unique@1000,1.0
unique@10000,1.0
FCD/Test,0.3331374234973339
SNN/Test,0.5649630935738484
Scaf/Test,0.7373192959028196
FCD/TestSF,0.7469471979148494
SNN/TestSF,0.5398640051533778
Frag/TestSF,0.9975433614894261
Scaf/TestSF,0.14229862712474428
IntDiv,0.8561482588575151
IntDiv2,0.850021013464469
Filters,0.9868333333333333
logP,0.07678540302785578
SA,0.04341084996759442
QED,0.014508300366309072
weight,6.5749711727266265
Novelty,1.0
