valid,1.0
unique@1000,1.0
unique@10000,1.0
FCD/Test,0.40405854764392757
SNN/Test,0.5578113081703583
Scaf/Test,0.686696023877159
FCD/TestSF,0.7584147716361258
SNN/TestSF,0.5347377487371365
Frag/TestSF,0.9963017718020717
Scaf/TestSF,0.1691483154067418
IntDiv,0.8577038676997291
IntDiv2,0.8516823132671232
Filters,0.9915
logP,0.14500896203772284
SA,0.0927460497484014
QED,0.01163644418702979
weight,6.586020607922434
Novelty,1.0
