valid,1.0
unique@1000,1.0
unique@10000,1.0
FCD/Test,0.40735314326151695
SNN/Test,0.5580402964154879
Scaf/Test,0.6284197058798789
FCD/TestSF,0.7025102446890799
SNN/TestSF,0.5364621565838655
Frag/TestSF,0.996576236950332
Scaf/TestSF,0.1666036816398625
IntDiv,0.8575703181993697
IntDiv2,0.8515235815237878
Filters,0.9895
logP,0.1229998235060449
SA,0.09032522121673721
QED,0.008379447478908512
weight,3.5795087905558676
Novelty,1.0
