valid,1.0
unique@1000,1.0
unique@10000,1.0
FCD/Test,0.37780509230537973
SNN/Test,0.5613639569853743
Scaf/Test,0.670748499521556
FCD/TestSF,0.6909303905183606
SNN/TestSF,0.539107138492167
Frag/TestSF,0.9977987346906474
Scaf/TestSF,0.21209187804773144
IntDiv,0.858232196515931
IntDiv2,0.8520594657130053
Filters,0.9886666666666667
logP,0.12038826821669686
SA,0.07597681582849691
QED,0.00430365655735951
weight,4.0518233046900765
Novelty,1.0
