valid,1.0
unique@1000,1.0
unique@10000,1.0
FCD/Test,0.4141502509335453
SNN/Test,0.5587027156675856
Scaf/Test,0.7053064981230156
FCD/TestSF,0.7868936413612317
SNN/TestSF,0.5346600002547105
Frag/TestSF,0.9970911561155882
Scaf/TestSF,0.1499980573393077
IntDiv,0.8579876458719041
IntDiv2,0.8518430061282748
Filters,0.9878333333333333
logP,0.13092776816315882
SA,0.057294317677428756
QED,0.01262566407714366
weight,9.663280864481226
Novelty,1.0
