valid,1.0
unique@1000,1.0
unique@10000,1.0
FCD/Test,1.098366960593296
SNN/Test,0.4301555974110961
Scaf/Test,0.3353943632124192
IntDiv,0.8740718156339857
IntDiv2,0.8683425318528115
Filters,0.8456666666666667
logP,0.17293152451309649
SA,0.04294644900061686
QED,0.05988642742829394
weight,30.78154078699126
Novelty,1.0
