valid,1.0
unique@1000,1.0
unique@10000,1.0
FCD/Test,0.9471290403779307
SNN/Test,0.4275979467059175
Scaf/Test,0.3028721857478729
IntDiv,0.8705382625231213
IntDiv2,0.8651290057212566
Filters,0.8316666666666667
logP,0.0830388032549564
SA,0.0649438718131979
QED,0.010084753804862198
weight,8.677522191215166
Novelty,1.0
