valid,1.0
unique@1000,1.0
unique@10000,1.0
FCD/Test,0.9756883752481258
SNN/Test,0.42672117276117205
Scaf/Test,0.30429216378515833
IntDiv,0.8723833247766892
IntDiv2,0.8668629727643038
Filters,0.8455
logP,0.08505778155721798
SA,0.041545596037915807
QED,0.01451081637591549
weight,14.272574733132727
Novelty,1.0
