valid,1.0
unique@1000,1.0
unique@10000,1.0
FCD/Test,0.9984728543992674
SNN/Test,0.4266952766266962
Scaf/Test,0.23807345020379067
IntDiv,0.8726423675022523
IntDiv2,0.8670312165475983
Filters,0.839
logP,0.1071000584195455
SA,0.08987750666698466
QED,0.009381688129132959
weight,9.752615178470567
Novelty,1.0
