valid,1.0
unique@1000,1.0
unique@10000,1.0
FCD/Test,1.11279581290367
SNN/Test,0.4248837418320278
Scaf/Test,0.30414770866775853
IntDiv,0.8729243730641472
IntDiv2,0.8671951804609642
Filters,0.8461666666666666
logP,0.17962321480680443
SA,0.028450508587282576
QED,0.04039418192536034
weight,27.85162466295008
Novelty,1.0
