valid,1.0
unique@1000,1.0
unique@10000,1.0
FCD/Test,1.0099364730566691
SNN/Test,0.42474143688504895
Scaf/Test,0.326405122546538
IntDiv,0.8715245512192514
IntDiv2,0.8658949739215929
Filters,0.8473333333333334
logP,0.14956369014496684
SA,0.03877573845758805
QED,0.0302553313647608
weight,23.348851620324588
Novelty,1.0
