valid,1.0
unique@1000,1.0
unique@10000,1.0
FCD/Test,0.9403433794641813
SNN/Test,0.4796260903763274
Scaf/Test,0.45605668001520705
IntDiv,0.873380565728445
IntDiv2,0.8674515168300277
Filters,0.8605
logP,0.2687288965682664
SA,0.030927176195668732
QED,0.04457286159938152
weight,26.955092399799405
Novelty,1.0
