valid,1.0
unique@1000,1.0
unique@10000,1.0
FCD/Test,0.8918080600276852
SNN/Test,0.4732895022208492
Scaf/Test,0.3733340556278779
IntDiv,0.8704579428675969
IntDiv2,0.8647528239042017
Filters,0.8456666666666667
logP,0.10586226876649701
SA,0.07061332880632074
QED,0.035720297072260584
weight,21.82361666035911
Novelty,1.0
