valid,1.0
unique@1000,1.0
unique@10000,1.0
FCD/Test,0.8324322411192213
SNN/Test,0.46883112788883347
Scaf/Test,0.39124843103839335
IntDiv,0.8692173994689368
IntDiv2,0.863669745067672
Filters,0.8448333333333333
logP,0.08076193769779097
SA,0.016894552264808047
QED,0.011373797115260528
weight,7.560464680897447
Novelty,1.0
