valid,1.0
unique@1000,1.0
unique@10000,1.0
FCD/Test,0.7861986778993497
SNN/Test,0.47137862438956896
Scaf/Test,0.36307121407917353
IntDiv,0.8685671087367799
IntDiv2,0.8630372394028588
Filters,0.8473333333333334
logP,0.055951302342190645
SA,0.034750722123953276
QED,0.009178081529375614
weight,5.155298162623394
Novelty,1.0
