valid,1.0
unique@1000,1.0
unique@10000,1.0
FCD/Test,5.128021394231098
SNN/Test,0.3805424046913783
Scaf/Test,0.30041482955225507
IntDiv,0.8798963671566645
IntDiv2,0.875006094076657
Filters,0.598
logP,0.11871858467367188
SA,0.7227142294340577
QED,0.016067130238229293
weight,3.833365678212515
Novelty,1.0
