valid,1.0
unique@1000,1.0
unique@10000,1.0
FCD/Test,4.472620618817416
SNN/Test,0.3881907514333725
Scaf/Test,0.31951449980590985
IntDiv,0.8808352642207675
IntDiv2,0.8756869790162589
Filters,0.6265
logP,0.09186815296185852
SA,0.5811486469670064
QED,0.018846481779337357
weight,15.801782396527031
Novelty,1.0
