valid,1.0
unique@1000,1.0
unique@10000,1.0
FCD/Test,6.457816613893648
SNN/Test,0.3408665057830513
Scaf/Test,0.20929339120727453
IntDiv,0.8823944666379657
IntDiv2,0.8776098547201105
Filters,0.577
logP,0.1476786625566356
SA,0.8460266323285422
QED,0.03075065448778674
weight,8.280808568396782
Novelty,1.0
