valid,1.0
unique@1000,1.0
unique@10000,1.0
FCD/Test,6.6156151996231785
SNN/Test,0.3390836575155457
Scaf/Test,0.2314283381635318
IntDiv,0.883151415059328
IntDiv2,0.8783806373784873
Filters,0.5683333333333334
logP,0.16072463681309732
SA,0.8512794124109624
QED,0.034983076980555826
weight,8.982884128451207
Novelty,1.0
