valid,1.0
unique@1000,1.0
unique@10000,1.0
FCD/Test,1.2816056187316747
SNN/Test,0.3989019774918755
Scaf/Test,0.24217163941397146
IntDiv,0.873196946911335
IntDiv2,0.8677060377883012
Filters,0.8288333333333333
logP,0.11967272465337173
SA,0.11080651740398335
QED,0.008749746260543033
weight,10.299075972682571
Novelty,1.0
