valid,1.0
unique@1000,1.0
unique@10000,1.0
FCD/Test,3.3665873146948257
SNN/Test,0.37415325443446634
Scaf/Test,0.26382101352602616
IntDiv,0.8769052970708211
IntDiv2,0.8719332907945705
Filters,0.7058333333333333
logP,0.0882272614299187
SA,0.5017764210838913
QED,0.014518473017023914
weight,5.076014570095278
Novelty,1.0
