valid,1.0
unique@1000,1.0
unique@10000,1.0
FCD/Test,3.693882339954854
SNN/Test,0.3680602846443653
Scaf/Test,0.2395719740012605
IntDiv,0.8778749179452261
IntDiv2,0.8729741544927266
Filters,0.6468333333333334
logP,0.2188671324353835
SA,0.5769795986538881
QED,0.018611986110791044
weight,5.5818862992289455
Novelty,1.0
