valid,1.0
unique@1000,1.0
unique@10000,1.0
FCD/Test,1.0230184579115473
SNN/Test,0.42002240688726306
Scaf/Test,0.2822431461206374
IntDiv,0.8719177263248629
IntDiv2,0.8664358909711042
Filters,0.836
logP,0.15679284296281268
SA,0.0549721450734857
QED,0.01315147774340683
weight,16.878721899799395
Novelty,1.0
