valid,1.0
unique@1000,1.0
unique@10000,1.0
FCD/Test,1.0278831616188313
SNN/Test,0.4217079640676578
Scaf/Test,0.28451548603534005
IntDiv,0.8711120802329382
IntDiv2,0.8656336097923129
Filters,0.8283333333333334
logP,0.10516742341191802
SA,0.05116648381187463
QED,0.02270771669876752
weight,13.013629827025772
Novelty,1.0
