valid,1.0
unique@1000,1.0
unique@10000,1.0
FCD/Test,1.0332915481010332
SNN/Test,0.4211060704290867
Scaf/Test,0.23689015288594528
IntDiv,0.8703986105223762
IntDiv2,0.8649017435666129
Filters,0.8303333333333334
logP,0.081806995297582
SA,0.0686791952328027
QED,0.006443423812298197
weight,5.049371453195865
Novelty,1.0
