valid,1.0
unique@1000,1.0
unique@10000,1.0
FCD/Test,6.657209718804118
SNN/Test,0.34104898776113984
Scaf/Test,0.25345851929450536
IntDiv,0.8820885859169431
IntDiv2,0.8773651876016051
Filters,0.5795
logP,0.13531080920805072
SA,0.8949974236465366
QED,0.03930039002735869
weight,8.398223651252511
Novelty,1.0
