valid,1.0
unique@1000,1.0
unique@10000,1.0
FCD/Test,5.308030641815677
SNN/Test,0.3506426422720154
Scaf/Test,0.268565097974901
IntDiv,0.8804393871545791
IntDiv2,0.875638215048873
Filters,0.6248333333333334
logP,0.11464895454842888
SA,0.6970482008667681
QED,0.017559766700378315
weight,14.834554662950074
Novelty,1.0
