valid,1.0
unique@1000,1.0
unique@10000,1.0
FCD/Test,1.1963144879907333
SNN/Test,0.49151655166347824
Scaf/Test,0.2962254976441818
IntDiv,0.866984367986944
IntDiv2,0.861199629311904
Filters,0.8201666666666667
logP,0.4877844626987361
SA,0.13399257244503154
QED,0.0249796309515798
weight,4.8393893386262645
Novelty,1.0
