valid,1.0
unique@1000,1.0
unique@10000,1.0
FCD/Test,1.258066000401044
SNN/Test,0.46852216305335365
Scaf/Test,0.31299136526348714
IntDiv,0.8646514160759184
IntDiv2,0.8592065383173277
Filters,0.8271666666666667
logP,0.37685317359272663
SA,0.07859006634049469
QED,0.038204345967966825
weight,26.187207200214804
Novelty,1.0
