valid,1.0
unique@1000,1.0
unique@10000,1.0
FCD/Test,1.1993908632104109
SNN/Test,0.4973542106797298
Scaf/Test,0.4626241033997215
IntDiv,0.8698738450539907
IntDiv2,0.8638125931453733
Filters,0.8475
logP,0.34716316917726087
SA,0.13045533543945048
QED,0.04712132021055962
weight,36.995508733132745
Novelty,1.0
