valid,1.0
unique@1000,1.0
unique@10000,1.0
FCD/Test,0.7865998258378113
SNN/Test,0.49556172886739175
Scaf/Test,0.35029118915563917
IntDiv,0.8674216852941513
IntDiv2,0.8617862124921402
Filters,0.8448333333333333
logP,0.14918651556502735
SA,0.028042044475265825
QED,0.01328989578258397
weight,5.81299746322834
Novelty,1.0
