valid,1.0
unique@1000,1.0
unique@10000,1.0
FCD/Test,0.7093302852556462
SNN/Test,0.4993616750339667
Scaf/Test,0.3736465389410788
IntDiv,0.8714211570623186
IntDiv2,0.8657545727573986
Filters,0.8401666666666666
logP,0.09094609250701902
SA,0.014170896975626531
QED,0.021544732472456134
weight,12.419872786991247
Novelty,1.0
