valid,1.0
unique@1000,1.0
unique@10000,1.0
FCD/Test,0.6206796539675281
SNN/Test,0.4963360960682233
Scaf/Test,0.36541251054961155
IntDiv,0.8687339329158995
IntDiv2,0.8632911046417755
Filters,0.8436666666666667
logP,0.0915451170232332
SA,0.026548783487337663
QED,0.006873149204694104
weight,3.0261878616400164
Novelty,1.0
