valid,1.0
unique@1000,1.0
unique@10000,1.0
FCD/Test,5.423319613291753
SNN/Test,0.3496709950615962
Scaf/Test,0.21446725881279227
IntDiv,0.8812850030105909
IntDiv2,0.8764871998078705
Filters,0.5916666666666667
logP,0.40566974120218485
SA,0.7434491987239191
QED,0.020271708750249962
weight,13.127473327025772
Novelty,1.0
