valid,1.0
unique@1000,1.0
unique@10000,1.0
FCD/Test,5.36020466729083
SNN/Test,0.3501221991951267
Scaf/Test,0.2509013144536796
IntDiv,0.880333383702702
IntDiv2,0.8755383770739085
Filters,0.6083333333333333
logP,0.2026365604764573
SA,0.7297687319108417
QED,0.039007279245844066
weight,4.11817652524431
Novelty,1.0
