valid,1.0
unique@1000,1.0
unique@10000,1.0
FCD/Test,5.733501517452346
SNN/Test,0.3493746174797416
Scaf/Test,0.2315865386887881
IntDiv,0.8813943165765339
IntDiv2,0.8765492235823269
Filters,0.6146666666666667
logP,0.13801990129423536
SA,0.725824284672285
QED,0.024143347316119633
weight,10.106260035007358
Novelty,1.0
