valid,1.0
unique@1000,1.0
FCD/Test,1.6416307425142236
SNN/Test,0.43107484803597135
Scaf/Test,0.3658476068849532
IntDiv,0.8738017867174273
IntDiv2,0.8676791003934028
Filters,0.8376666666666667
logP,0.14925089743450906
SA,0.04418794916086918
QED,0.03947665489312762
weight,39.31796033478949
Novelty,1.0
