valid,1.0
unique@1000,1.0
FCD/Test,1.5886317969771824
SNN/Test,0.4255075623113662
Scaf/Test,0.3341390422961652
IntDiv,0.876052049111108
IntDiv2,0.8699833574183826
Filters,0.8411666666666666
logP,0.13927198614110237
SA,0.033057853148188564
QED,0.046934010522336825
weight,38.53797373313275
Novelty,1.0
