valid,1.0
unique@1000,1.0
FCD/Test,1.6406197515916574
SNN/Test,0.4323222337675591
Scaf/Test,0.3227226763579705
IntDiv,0.874811976984784
IntDiv2,0.8685630012063705
Filters,0.842
logP,0.1051613475090838
SA,0.059006683753153745
QED,0.0330397278145597
weight,40.617914620324605
Novelty,1.0
