valid,1.0
unique@1000,1.0
FCD/Test,1.5239243564051463
SNN/Test,0.424363117326051
Scaf/Test,0.3310802322913101
IntDiv,0.8759709896617035
IntDiv2,0.8699572520712145
Filters,0.8273333333333334
logP,0.34722854019408134
SA,0.04732667677696063
QED,0.03682808949460697
weight,37.96625782702577
Novelty,1.0
