valid,1.0
unique@1000,1.0
FCD/Test,1.4281583774399849
SNN/Test,0.4302010264210403
Scaf/Test,0.31893479042675765
IntDiv,0.8746120962829391
IntDiv2,0.8687307156875763
Filters,0.8308333333333333
logP,0.28506986465758527
SA,0.06332078657722524
QED,0.0326245227144801
weight,32.351162786991246
Novelty,1.0
