valid,1.0
unique@1000,1.0
unique@10000,1.0
FCD/Test,0.5525249782101582
SNN/Test,0.5621998249813914
Scaf/Test,0.7272842905864538
FCD/TestSF,1.0402428195897073
SNN/TestSF,0.5378628053863843
Frag/TestSF,0.9972295199377419
Scaf/TestSF,0.14643906798154227
IntDiv,0.8608219583825005
IntDiv2,0.8546585643421287
Filters,0.9565
logP,0.10591908624354918
SA,0.14807572118892642
QED,0.0161576555924341
weight,2.9233299204766197
Novelty,1.0
