valid,1.0
unique@1000,1.0
unique@10000,1.0
FCD/Test,0.49849322465477997
SNN/Test,0.5669215796192487
Scaf/Test,0.7210397001419655
FCD/TestSF,0.938475258430401
SNN/TestSF,0.5406718018452327
Frag/TestSF,0.9976008096589166
Scaf/TestSF,0.1617803274471925
IntDiv,0.858214292968644
IntDiv2,0.8520749526476508
Filters,0.9623333333333334
logP,0.07692161427129131
SA,0.1068972229188653
QED,0.015405664543263304
weight,4.334230727514191
Novelty,1.0
