valid,1.0
unique@1000,1.0
unique@10000,1.0
FCD/Test,0.5198343798007556
SNN/Test,0.5684804522668322
Scaf/Test,0.7469821497146949
FCD/TestSF,1.0730087338157261
SNN/TestSF,0.5407083617150783
Frag/TestSF,0.9963837954737867
Scaf/TestSF,0.1680840355683354
IntDiv,0.8584013942261272
IntDiv2,0.8522778864980862
Filters,0.9625
logP,0.09332785703524281
SA,0.12957549142052385
QED,0.013140544535992239
weight,3.9519917275141916
Novelty,1.0
