valid,1.0
unique@1000,1.0
unique@10000,1.0
FCD/Test,0.5770136502027015
SNN/Test,0.5608187935079137
Scaf/Test,0.707143629798232
FCD/TestSF,1.0767701904016462
SNN/TestSF,0.5360091814386347
Frag/TestSF,0.9968883971931105
Scaf/TestSF,0.17867457788641983
IntDiv,0.8619311433174874
IntDiv2,0.8556061193957926
Filters,0.9586666666666667
logP,0.1000701201785046
SA,0.14702293384376064
QED,0.015547723644924428
weight,3.8211540060599543
Novelty,1.0
