valid,1.0
unique@1000,1.0
unique@10000,1.0
FCD/Test,0.5286541229627346
SNN/Test,0.5654992528657119
Scaf/Test,0.7591630962325413
FCD/TestSF,1.0709920575253022
SNN/TestSF,0.5361437422409654
Frag/TestSF,0.9960144281332174
Scaf/TestSF,0.15859927898073534
IntDiv,0.8601273811354108
IntDiv2,0.8539481345087286
Filters,0.9573333333333334
logP,0.08029978244596031
SA,0.12196434455304038
QED,0.011741421133343997
weight,2.680199195031636
Novelty,1.0
