valid,1.0
unique@1000,1.0
unique@10000,1.0
FCD/Test,6.62852942159391
SNN/Test,0.3352416619770229
Scaf/Test,0.2379378512007504
IntDiv,0.8821109687598481
IntDiv2,0.8775065287511463
Filters,0.5646666666666667
logP,0.2025971718767665
SA,0.9187548104658061
QED,0.044074022324722385
weight,6.052694409684159
Novelty,1.0
