valid,1.0
unique@1000,1.0
unique@10000,1.0
FCD/Test,6.357238835583999
SNN/Test,0.3417692907427748
Scaf/Test,0.18484473316895755
IntDiv,0.880411392677466
IntDiv2,0.8757030151832649
Filters,0.5796666666666667
logP,0.32739097986853255
SA,0.8391977183140296
QED,0.028277093636230956
weight,9.287550715791376
Novelty,1.0
