valid,1.0
unique@1000,1.0
FCD/Test,5.739278541375349
SNN/Test,0.347291528540353
Scaf/Test,0.24540987824261518
IntDiv,0.8816527665421697
IntDiv2,0.8767702515049751
Filters,0.5988333333333333
logP,0.2696308699915408
SA,0.7553544220477195
QED,0.02226619721956767
weight,14.902359751281638
Novelty,1.0
