valid,1.0
unique@1000,1.0
unique@10000,1.0
FCD/Test,5.7982043379074995
SNN/Test,0.34097297679632904
Scaf/Test,0.17373726247476073
IntDiv,0.8815965993576049
IntDiv2,0.8770012316595002
Filters,0.569
logP,0.2604532012352811
SA,0.9087086797303762
QED,0.03224557625864383
weight,1.8021787951240267
Novelty,1.0
