valid,1.0
unique@1000,1.0
FCD/Test,5.045960815504145
SNN/Test,0.352451874833554
Scaf/Test,0.23506731194425945
IntDiv,0.8800696830640369
IntDiv2,0.8752678018017396
Filters,0.6246666666666667
logP,0.17370051939600709
SA,0.671300914096382
QED,0.05237106215422804
weight,3.3305237622765493
Novelty,1.0
