valid,1.0
unique@1000,1.0
unique@10000,1.0
FCD/Test,0.8756296041786129
SNN/Test,0.47787699326872823
Scaf/Test,0.3134313529156977
IntDiv,0.8648440004081726
IntDiv2,0.8596051603780053
Filters,0.8515
logP,0.2746654535590889
SA,0.09451607701239546
QED,0.053640605816119354
weight,24.735234719762474
Novelty,1.0
