valid,1.0
unique@1000,1.0
unique@10000,1.0
FCD/Test,0.7766026796962535
SNN/Test,0.4753475988556941
Scaf/Test,0.35814299767372093
IntDiv,0.8685022123284869
IntDiv2,0.8631420565431569
Filters,0.8456666666666667
logP,0.07061866698807998
SA,0.04076744655014065
QED,0.01005693187486681
weight,4.284214068234981
Novelty,1.0
