valid,1.0
unique@1000,1.0
unique@10000,1.0
FCD/Test,0.7508835311643907
SNN/Test,0.4875705240989725
Scaf/Test,0.42880506496392035
IntDiv,0.8722350753280852
IntDiv2,0.8665812996519373
Filters,0.8558333333333333
logP,0.23542221480915493
SA,0.027754741869260705
QED,0.03431107832247878
weight,19.158759334789487
Novelty,1.0
