valid,1.0
unique@1000,1.0
unique@10000,1.0
FCD/Test,1.0516243468244113
SNN/Test,0.4871823841060201
Scaf/Test,0.40052622364130586
IntDiv,0.8678250765079922
IntDiv2,0.8620977874967203
Filters,0.8516666666666667
logP,0.06336153803251539
SA,0.07162337467843681
QED,0.020874552132944424
weight,14.569576592993496
Novelty,1.0
