valid,1.0
unique@1000,1.0
unique@10000,1.0
FCD/Test,1.332224322231653
SNN/Test,0.39674794220055143
Scaf/Test,0.24583096614725242
IntDiv,0.8714948914417691
IntDiv2,0.8661737129919798
Filters,0.8143333333333334
logP,0.052992352712495916
SA,0.14837125360443587
QED,0.009286901267726796
weight,6.279166934040914
Novelty,1.0
