valid,1.0
unique@1000,1.0
unique@10000,1.0
FCD/Test,1.3445381822694316
SNN/Test,0.3991531224995852
Scaf/Test,0.2244467929661691
IntDiv,0.8700896748621199
IntDiv2,0.8647547103648223
Filters,0.8228333333333333
logP,0.14621353401881151
SA,0.11481694362290942
QED,0.014331564064241804
weight,5.531359041748719
Novelty,1.0
