valid,1.0
unique@1000,1.0
unique@10000,1.0
FCD/Test,1.3042312920346717
SNN/Test,0.4031040759421885
Scaf/Test,0.25041780065108865
IntDiv,0.8733666985488997
IntDiv2,0.8677726918275916
Filters,0.8356666666666667
logP,0.09554872454269667
SA,0.10414203780185759
QED,0.02236776735329149
weight,16.477935453657917
Novelty,1.0
