valid,1.0
unique@1000,1.0
unique@10000,1.0
FCD/Test,1.3774553105399292
SNN/Test,0.4126274687076608
Scaf/Test,0.30994839001841346
IntDiv,0.8707157937713729
IntDiv2,0.8649695534405619
Filters,0.8348333333333333
logP,0.06201120690935486
SA,0.06529907959220523
QED,0.027261045921808006
weight,18.054939168122814
Novelty,1.0
