valid,1.0
unique@1000,1.0
unique@10000,1.0
FCD/Test,0.8319837418184335
SNN/Test,0.478139025559028
Scaf/Test,0.4004808702442284
IntDiv,0.8691972574030559
IntDiv2,0.8635050738134853
Filters,0.8493333333333334
logP,0.11795733474313498
SA,0.05526141251056259
QED,0.01908206350499034
weight,15.657094916892424
Novelty,1.0
