valid,1.0
unique@1000,1.0
unique@10000,1.0
FCD/Test,0.9328639230470515
SNN/Test,0.46950361907606325
Scaf/Test,0.3541090364377967
IntDiv,0.870988565598968
IntDiv2,0.8654195920666968
Filters,0.8381666666666666
logP,0.11705211258629758
SA,0.022227997988277678
QED,0.01380795089493965
weight,11.392476496283397
Novelty,1.0
