valid,1.0
unique@1000,1.0
unique@10000,1.0
FCD/Test,0.31011193334853715
SNN/Test,0.5853809728473425
Scaf/Test,0.7232879912658482
FCD/TestSF,0.6566031126725989
SNN/TestSF,0.5608027512033781
Frag/TestSF,0.9983518426784933
Scaf/TestSF,0.20231019844232778
IntDiv,0.8576712040398915
IntDiv2,0.8513957577373583
Filters,0.994
logP,0.10879752326989423
SA,0.022110517746002593
QED,0.0070569313331484106
weight,2.7920919541064206
Novelty,1.0
