valid,1.0
unique@1000,1.0
unique@10000,1.0
FCD/Test,0.3021771722702198
SNN/Test,0.5884390622625748
Scaf/Test,0.7551753434122859
FCD/TestSF,0.6678589824000625
SNN/TestSF,0.5619084146271149
Frag/TestSF,0.9985812313046711
Scaf/TestSF,0.17433526972107471
IntDiv,0.855631975024965
IntDiv2,0.8495394498163706
Filters,0.9945
logP,0.0665959281557376
SA,0.03222347816587981
QED,0.0021346661559828073
weight,3.130787459363679
Novelty,1.0
