valid,1.0
unique@1000,1.0
unique@10000,1.0
FCD/Test,0.3458320475652812
SNN/Test,0.5848968601723512
Scaf/Test,0.6859909425806768
FCD/TestSF,0.6376886905874812
SNN/TestSF,0.5581589506318172
Frag/TestSF,0.9979004770052093
Scaf/TestSF,0.17618618204676206
IntDiv,0.8564675417359671
IntDiv2,0.8503642100144808
Filters,0.994
logP,0.06278072305354573
SA,0.04634577265758283
QED,0.005444510885312189
weight,2.949459577319766
Novelty,1.0
