valid,1.0
unique@1000,1.0
unique@10000,1.0
FCD/Test,0.30645369387852384
SNN/Test,0.5826443741619587
Scaf/Test,0.74488026928533
FCD/TestSF,0.630197530811472
SNN/TestSF,0.5574582765003046
Frag/TestSF,0.9987313815952509
Scaf/TestSF,0.14475524242692173
IntDiv,0.8579346212031047
IntDiv2,0.8517153834819745
Filters,0.9948333333333333
logP,0.06642300002692057
SA,0.06427438872014499
QED,0.005966427381012302
weight,3.306808878268988
Novelty,1.0
