valid,1.0
unique@1000,1.0
unique@10000,1.0
FCD/Test,0.29194868427624954
SNN/Test,0.5838988089164098
Scaf/Test,0.7386760980320416
FCD/TestSF,0.6408581022779742
SNN/TestSF,0.5576362070143223
Frag/TestSF,0.9979337012643014
Scaf/TestSF,0.16982550567233146
IntDiv,0.8571399581866794
IntDiv2,0.8510337627201832
Filters,0.9945
logP,0.0662520919568667
SA,0.04716427070285027
QED,0.0050926517953380716
weight,5.044848946696658
Novelty,1.0
