valid,1.0
unique@1000,1.0
unique@10000,1.0
FCD/Test,0.3282312491754453
SNN/Test,0.5835378906776507
Scaf/Test,0.6859235718380302
FCD/TestSF,0.682424700922752
SNN/TestSF,0.5591344375759363
Frag/TestSF,0.998627368847732
Scaf/TestSF,0.1321855274678052
IntDiv,0.8559485830770068
IntDiv2,0.8498823300861795
Filters,0.9935
logP,0.06965647478075514
SA,0.044380862996379264
QED,0.009019295462456963
weight,4.3117815763713025
Novelty,1.0
