valid,1.0
unique@1000,1.0
unique@10000,1.0
FCD/Test,0.20597263778907404
SNN/Test,0.5835831008657814
Scaf/Test,0.8701764726593126
FCD/TestSF,0.48735917492861347
SNN/TestSF,0.5586927075381081
Frag/TestSF,1.0
Scaf/TestSF,0.2011976737606619
IntDiv,0.8584475265384929
IntDiv2,0.8525355999672501
Filters,0.9938333333333333
logP,0.09144680417477885
SA,0.04543300162657795
QED,0.010562990655633821
weight,2.92397476236734
Novelty,1.0
