valid,1.0
unique@1000,1.0
unique@10000,1.0
FCD/Test,0.14957846537946295
SNN/Test,0.5845310511628786
Scaf/Test,0.8950825190691845
FCD/TestSF,0.5150516492961117
SNN/TestSF,0.5575822283973296
Frag/TestSF,1.0
Scaf/TestSF,0.1850953309210267
IntDiv,0.8561165749362861
IntDiv2,0.8503592694226147
Filters,0.9941333333333333
logP,0.07164809671348418
SA,0.042518850279223364
QED,0.00785838032436915
weight,4.0276462339955605
Novelty,1.0
