valid,1.0
unique@1000,1.0
unique@10000,1.0
FCD/Test,0.3126478322871833
SNN/Test,0.5851802587608497
Scaf/Test,0.7277281682578707
FCD/TestSF,0.6262553336713808
SNN/TestSF,0.5603193868050973
Frag/TestSF,0.9972269043539961
Scaf/TestSF,0.1444188630806439
IntDiv,0.8558149644256168
IntDiv2,0.8497189029369409
Filters,0.992
logP,0.07134954423486722
SA,0.039994496093845054
QED,0.006420147692649686
weight,3.0278784198821747
Novelty,1.0
