valid,1.0
unique@1000,1.0
unique@10000,1.0
FCD/Test,0.36900490231330707
SNN/Test,0.5821586608688036
Scaf/Test,0.6676846216847973
FCD/TestSF,0.6382938129417539
SNN/TestSF,0.5585144528498253
Frag/TestSF,0.9984984126839198
Scaf/TestSF,0.14532727440298
IntDiv,0.858309797003852
IntDiv2,0.8520305017740668
Filters,0.9936666666666667
logP,0.09534282564662216
SA,0.04675631172232614
QED,0.01025268206101943
weight,3.018312034370022
Novelty,1.0
