valid,1.0
unique@1000,1.0
unique@10000,1.0
FCD/Test,0.18419946271349374
SNN/Test,0.5835807787338892
Scaf/Test,0.8917068582759515
FCD/TestSF,0.5707379280030551
SNN/TestSF,0.5567740485971172
Frag/TestSF,1.0
Scaf/TestSF,0.21615099925220593
IntDiv,0.8579011523988511
IntDiv2,0.8520248659750544
Filters,0.9931
logP,0.05602702325924332
SA,0.05280531612977156
QED,0.0046755868378499455
weight,3.6816530725888033
Novelty,1.0
