valid,1.0
unique@1000,1.0
unique@10000,1.0
FCD/Test,0.12981824287562915
SNN/Test,0.5847345514205595
Scaf/Test,0.8936613534481674
FCD/TestSF,0.4948907685683537
SNN/TestSF,0.558668746941785
Frag/TestSF,1.0
Scaf/TestSF,0.19347694284409633
IntDiv,0.8572420743258127
IntDiv2,0.851384684373796
Filters,0.9936333333333334
logP,0.06732678014347761
SA,0.03957286712837346
QED,0.006672385810651598
weight,3.1237826762751286
Novelty,1.0
