valid,1.0
unique@1000,1.0
unique@10000,1.0
FCD/Test,0.14725687458381742
SNN/Test,0.5853345515097181
Scaf/Test,0.880643943640229
FCD/TestSF,0.5058422414986836
SNN/TestSF,0.5581666175097227
Frag/TestSF,1.0
Scaf/TestSF,0.21399706563969811
IntDiv,0.8569967987764486
IntDiv2,0.8511797109436616
Filters,0.9938333333333333
logP,0.08501881096954696
SA,0.03077058353644479
QED,0.0071992263906945795
weight,2.878836342293583
Novelty,1.0
