valid,1.0
unique@1000,1.0
unique@10000,1.0
FCD/Test,0.3243294114997468
SNN/Test,0.5834148139456908
Scaf/Test,0.713823771578301
FCD/TestSF,0.7011471904260276
SNN/TestSF,0.5582627645010749
Frag/TestSF,0.9969723229612608
Scaf/TestSF,0.18745415762190998
IntDiv,0.856724069156011
IntDiv2,0.8505538203331606
Filters,0.993
logP,0.09437909700729999
SA,0.030418521819571113
QED,0.005617899458571756
weight,3.0001050569949768
Novelty,1.0
