valid,1.0
unique@1000,1.0
unique@10000,1.0
FCD/Test,0.35429083574412346
SNN/Test,0.5821165002907316
Scaf/Test,0.7226334834324858
FCD/TestSF,0.7406025795471578
SNN/TestSF,0.556851170308888
Frag/TestSF,0.9961259205430715
Scaf/TestSF,0.18264075167792948
IntDiv,0.8576344474042257
IntDiv2,0.8514325650863204
Filters,0.9938333333333333
logP,0.05295033191824655
SA,0.05531669423293799
QED,0.006125355488224118
weight,3.532664178718423
Novelty,1.0
