valid,1.0
unique@1000,1.0
unique@10000,1.0
FCD/Test,1.9288745565401086
SNN/Test,0.4223194017906984
Scaf/Test,0.2977763938913529
IntDiv,0.8660606234500673
IntDiv2,0.8601829842626975
Filters,0.8243333333333334
logP,0.578970626426459
SA,0.0778273942896076
QED,0.020420273850860045
weight,8.805865771209499
Novelty,1.0
