valid,1.0
unique@1000,1.0
unique@10000,1.0
FCD/Test,4.0192097119592205
SNN/Test,0.36455348239839075
Scaf/Test,0.22241782952699896
IntDiv,0.8784434694458644
IntDiv2,0.8736048945139083
Filters,0.6411666666666667
logP,0.28286787361098586
SA,0.6829763653004803
QED,0.022153963353732948
weight,3.3344375578941063
Novelty,1.0
