valid,1.0
unique@1000,1.0
unique@10000,1.0
FCD/Test,3.8483650211393297
SNN/Test,0.3658461416897674
Scaf/Test,0.22836483622235682
IntDiv,0.8778753326240646
IntDiv2,0.8730102523910396
Filters,0.6575
logP,0.1011925075850681
SA,0.582048766717376
QED,0.026387149368773875
weight,2.645918347915428
Novelty,1.0
