valid,1.0
unique@1000,1.0
unique@10000,1.0
FCD/Test,4.024513690583348
SNN/Test,0.3646000218167901
Scaf/Test,0.19755230590452832
IntDiv,0.8794390706302325
IntDiv2,0.8745737305768709
Filters,0.656
logP,0.1768143942785227
SA,0.6175782944889243
QED,0.017183055447199433
weight,10.77320890149173
Novelty,1.0
