valid,1.0
unique@1000,1.0
unique@10000,1.0
FCD/Test,3.8195606840178584
SNN/Test,0.3650440698092183
Scaf/Test,0.23087767263110437
IntDiv,0.877029396326277
IntDiv2,0.8722255786450225
Filters,0.6715
logP,0.0757207477602172
SA,0.5870454035237326
QED,0.027871581815413528
weight,2.245435644276078
Novelty,1.0
