valid,1.0
unique@1000,1.0
unique@10000,1.0
FCD/Test,0.921543630170774
SNN/Test,0.42670727384835483
Scaf/Test,0.3088010253230442
IntDiv,0.8716169611268574
IntDiv2,0.866106672347004
Filters,0.845
logP,0.11957773178540727
SA,0.06921862583283725
QED,0.013192804869814027
weight,9.018035345227426
Novelty,1.0
