valid,1.0
unique@1000,1.0
FCD/Test,3.194042308501949
SNN/Test,0.40108699082334837
Scaf/Test,0.38477589417407065
IntDiv,0.8777663801836885
IntDiv2,0.8712052405791781
Filters,0.8455
logP,0.11688107023011465
SA,0.058118250818471946
QED,0.06152463552014011
weight,59.214268501456175
Novelty,1.0
