valid,1.0
unique@1000,1.0
FCD/Test,3.3160876534512056
SNN/Test,0.41040546518315874
Scaf/Test,0.3571246200225997
IntDiv,0.8703075639272464
IntDiv2,0.8636667305631702
Filters,0.8275
logP,0.16204092683005356
SA,0.10340136535867335
QED,0.02853637299357716
weight,49.31476249369244
Novelty,1.0
