valid,1.0
unique@1000,1.0
FCD/Test,3.5571962184568804
SNN/Test,0.3886235067266971
Scaf/Test,0.3256990335022485
IntDiv,0.8731506528932402
IntDiv2,0.8667341156898266
Filters,0.81
logP,0.5524396739761603
SA,0.054371006170144225
QED,0.03200055005329793
weight,30.154490439974854
Novelty,1.0
