valid,1.0
unique@1000,1.0
FCD/Test,2.8723815879822467
SNN/Test,0.3872034028116614
Scaf/Test,0.31496820776049894
IntDiv,0.8776596774351679
IntDiv2,0.8713613241737227
Filters,0.8375
logP,0.2295403803389333
SA,0.04540777282655085
QED,0.014590621110189711
weight,40.153449899799405
Novelty,1.0
