valid,1.0
unique@1000,1.0
FCD/Test,3.001034987594778
SNN/Test,0.38667708995193245
Scaf/Test,0.2652887428737155
IntDiv,0.8735264714921597
IntDiv2,0.8673958279857429
Filters,0.8045
logP,0.18624198011276225
SA,0.09098736877156322
QED,0.01958313093028142
weight,27.274884793595483
Novelty,1.0
