valid,1.0
unique@1000,1.0
unique@10000,1.0
FCD/Test,0.94414580163523
SNN/Test,0.42794753167654076
Scaf/Test,0.27014052187316473
IntDiv,0.8691445330322716
IntDiv2,0.8636136020014339
Filters,0.8438333333333333
logP,0.10386568141154275
SA,0.03732862029123599
QED,0.0071927691562968295
weight,6.51818060412064
Novelty,1.0
