valid,1.0
unique@1000,1.0
unique@10000,1.0
FCD/Test,1.0101099092328667
SNN/Test,0.43041971589624883
Scaf/Test,0.282035193985692
IntDiv,0.8697549982893732
IntDiv2,0.8640740709031701
Filters,0.8343333333333334
logP,0.10520099700585236
SA,0.04825910463583033
QED,0.007826628397788006
weight,7.930273226698476
Novelty,1.0
