valid,1.0
unique@1000,1.0
unique@10000,1.0
FCD/Test,0.9824315797838779
SNN/Test,0.42568187940493224
Scaf/Test,0.2757131794091763
IntDiv,0.8710701571199629
IntDiv2,0.8655028735800189
Filters,0.8588333333333333
logP,0.04359172515781645
SA,0.04764253327666319
QED,0.021468139938249264
weight,10.586647160359096
Novelty,1.0
