valid,1.0
unique@1000,1.0
FCD/Test,1.2261949210772372
SNN/Test,0.45155012238646547
Scaf/Test,0.2953983732325822
IntDiv,0.8756512058854575
IntDiv2,0.8698058284731227
Filters,0.8323333333333334
logP,0.33120755207244373
SA,0.07504119376673034
QED,0.03757833806122196
weight,35.947541120324594
Novelty,1.0
