valid,1.0
unique@1000,1.0
FCD/Test,1.1974256673733663
SNN/Test,0.4541498343423009
Scaf/Test,0.3556685426609505
IntDiv,0.8745439355242526
IntDiv2,0.8687319167330891
Filters,0.8386666666666667
logP,0.30133780595215937
SA,0.02330440632964577
QED,0.036201384930884185
weight,33.32939482961674
Novelty,1.0
