valid,1.0
unique@1000,1.0
FCD/Test,1.245454809210969
SNN/Test,0.4472721914947033
Scaf/Test,0.3037223453488854
IntDiv,0.8763919839068612
IntDiv2,0.8705322158671669
Filters,0.8198333333333333
logP,0.22211210455014896
SA,0.05043017272647181
QED,0.03784978928490552
weight,33.35032733478949
Novelty,1.0
