valid,1.0
unique@1000,1.0
FCD/Test,1.17274498263167
SNN/Test,0.44908017879351975
Scaf/Test,0.29528394125732094
IntDiv,0.876108325412881
IntDiv2,0.8702366655889902
Filters,0.841
logP,0.23734029054096356
SA,0.06395083374653684
QED,0.0383649682798844
weight,34.79037582702576
Novelty,1.0
