valid,1.0
unique@1000,1.0
FCD/Test,1.2549727369452484
SNN/Test,0.4445320700916151
Scaf/Test,0.29208086820791124
IntDiv,0.875187619452873
IntDiv2,0.8692817070066093
Filters,0.8321666666666667
logP,0.1974962682136535
SA,0.06916403874793903
QED,0.03592670181349085
weight,32.31983182702577
Novelty,1.0
