valid,1.0
unique@1000,1.0
FCD/Test,1.356115953542556
SNN/Test,0.4489818352671961
Scaf/Test,0.3358056032321761
IntDiv,0.8741608638267733
IntDiv2,0.8679602731210712
Filters,0.8473333333333334
logP,0.097237005565972
SA,0.03649556005400174
QED,0.036383569174511514
weight,36.56856566812284
Novelty,1.0
