valid,1.0
unique@1000,1.0
FCD/Test,1.2522577423751784
SNN/Test,0.4483274139078955
Scaf/Test,0.3582531842653166
IntDiv,0.8732476417466875
IntDiv2,0.8674547207532437
Filters,0.843
logP,0.19038619034264692
SA,0.05106540373307796
QED,0.03329831118522994
weight,33.51922056646607
Novelty,1.0
