valid,1.0
unique@1000,1.0
FCD/Test,1.219093899972023
SNN/Test,0.4496422700844705
Scaf/Test,0.31618970232224686
IntDiv,0.8735012745717647
IntDiv2,0.8675599212320794
Filters,0.8388333333333333
logP,0.22924944749489248
SA,0.022643126247594056
QED,0.0320606200149534
weight,32.46386782961674
Novelty,1.0
