valid,1.0
unique@1000,1.0
FCD/Test,1.2747965424003667
SNN/Test,0.44576386476928986
Scaf/Test,0.3458690311676562
IntDiv,0.8755426197193245
IntDiv2,0.8695312579572486
Filters,0.8295
logP,0.295932015481758
SA,0.04363000032464517
QED,0.03162840340974503
weight,35.00491612032459
Novelty,1.0
