valid,1.0
unique@1000,1.0
unique@10000,1.0
FCD/Test,2.108896246862116
SNN/Test,0.4092428419428567
Scaf/Test,0.21264522155504761
IntDiv,0.8627845094352828
IntDiv2,0.8575572865152528
Filters,0.8021666666666667
logP,0.6119436341016499
SA,0.10509564918845654
QED,0.07980488839087944
weight,40.87321272252989
Novelty,1.0
