valid,1.0
unique@1000,1.0
unique@10000,1.0
FCD/Test,1.4633833933832534
SNN/Test,0.429653849452734
Scaf/Test,0.2662886894646761
IntDiv,0.8658642265284856
IntDiv2,0.8601449644932282
Filters,0.831
logP,0.06082614416221745
SA,0.06001879130240643
QED,0.03762542953286051
weight,21.73521783478948
Novelty,1.0
