valid,1.0
unique@1000,1.0
unique@10000,1.0
FCD/Test,2.8948671033653994
SNN/Test,0.3866556345373392
Scaf/Test,0.11639072484857538
IntDiv,0.8636295665600565
IntDiv2,0.8588988125534097
Filters,0.6768333333333333
logP,0.7223104701452752
SA,0.3641818616163543
QED,0.15091823362125323
weight,86.53573641240382
Novelty,1.0
