valid,1.0
unique@1000,1.0
unique@10000,1.0
FCD/Test,1.8719386155887037
SNN/Test,0.42528066424280403
Scaf/Test,0.3482086593511591
IntDiv,0.8686180471541087
IntDiv2,0.8626911403465003
Filters,0.8355
logP,0.2577067804509839
SA,0.0486891513802366
QED,0.03206862405759782
weight,25.783105994690935
Novelty,1.0
