valid,1.0
unique@1000,1.0
unique@10000,1.0
FCD/Test,1.2363451056269241
SNN/Test,0.48888029071191946
Scaf/Test,0.40843981055612555
IntDiv,0.8675280379955503
IntDiv2,0.861316256521709
Filters,0.8488333333333333
logP,0.1415345685189549
SA,0.18939190973797934
QED,0.043993883597180025
weight,27.536451660359113
Novelty,1.0
