valid,1.0
unique@1000,1.0
unique@10000,1.0
FCD/Test,10.86280697728239
SNN/Test,0.3182685929350555
Scaf/Test,0.11144866392373043
IntDiv,0.8831521542645097
IntDiv2,0.878509719503362
Filters,0.44416666666666665
logP,0.9474768871445085
SA,1.365833604395676
QED,0.05948556980270914
weight,8.482002816160254
Novelty,1.0
