valid,1.0
unique@1000,1.0
unique@10000,1.0
FCD/Test,10.422133184429256
SNN/Test,0.3210734411602219
Scaf/Test,0.18243008145787187
IntDiv,0.8884637122501797
IntDiv2,0.8836989183210181
Filters,0.4245
logP,0.1941717745535908
SA,1.2026214204388483
QED,0.022823926189449138
weight,20.372069329616746
Novelty,1.0
