valid,1.0
unique@1000,1.0
unique@10000,1.0
FCD/Test,10.512732702344053
SNN/Test,0.3179928645603359
Scaf/Test,0.15026957346454095
IntDiv,0.8853101157569355
IntDiv2,0.8806538445195153
Filters,0.43033333333333335
logP,0.919785076111518
SA,1.1407749292862455
QED,0.07955739399206181
weight,7.939716194958846
Novelty,1.0
