valid,1.0
unique@1000,1.0
unique@10000,1.0
FCD/Test,0.8551781216595487
SNN/Test,0.4891500336329142
Scaf/Test,0.3626599905311154
IntDiv,0.8681666638028886
IntDiv2,0.8627870368532502
Filters,0.8423333333333334
logP,0.23682881922347174
SA,0.009908494391740593
QED,0.014915634629098867
weight,9.140842805514216
Novelty,1.0
