valid,1.0
unique@1000,1.0
unique@10000,1.0
FCD/Test,1.1140054319054258
SNN/Test,0.4977604684357842
Scaf/Test,0.3381811317760618
IntDiv,0.8662242249699699
IntDiv2,0.8604111838292987
Filters,0.8415
logP,0.33660837084343437
SA,0.11892244487789605
QED,0.009632724819485598
weight,1.7826703659615681
Novelty,1.0
