valid,1.0
unique@1000,1.0
unique@10000,1.0
FCD/Test,1.0824278024129086
SNN/Test,0.4971599002132813
Scaf/Test,0.4375661530542092
IntDiv,0.8674048137556711
IntDiv2,0.8615467346323018
Filters,0.8405
logP,0.33572348597301815
SA,0.15269749034638158
QED,0.05552708264113429
weight,31.20055000145616
Novelty,1.0
