valid,1.0
unique@1000,1.0
unique@10000,1.0
FCD/Test,1.208977058076215
SNN/Test,0.49278318811021743
Scaf/Test,0.48659313786246416
IntDiv,0.8708710332312104
IntDiv2,0.8648227364253361
Filters,0.8393333333333334
logP,0.14289027688559439
SA,0.15027635565163674
QED,0.027467837467622137
weight,27.14811299369245
Novelty,1.0
