valid,1.0
unique@1000,1.0
unique@10000,1.0
FCD/Test,0.8544831616860336
SNN/Test,0.4826257075543205
Scaf/Test,0.34568114629156077
IntDiv,0.8687093198063109
IntDiv2,0.863403617107701
Filters,0.8431666666666666
logP,0.09986113245866618
SA,0.04302521800346199
QED,0.012474676040756734
weight,4.59918498558041
Novelty,1.0
