valid,1.0
unique@1000,1.0
unique@10000,1.0
FCD/Test,0.752868882683245
SNN/Test,0.5551500047345956
Scaf/Test,0.727539327336659
FCD/TestSF,1.1984646241732406
SNN/TestSF,0.5300435564915339
Frag/TestSF,0.9971115702432789
Scaf/TestSF,0.15084267980943644
IntDiv,0.86108763276879
IntDiv2,0.8549259425444231
Filters,0.9465
logP,0.08220255023976669
SA,0.19850220420808995
QED,0.011775136813654717
weight,3.1639311376031323
Novelty,1.0
