valid,1.0
unique@1000,1.0
unique@10000,1.0
FCD/Test,0.6399740651320087
SNN/Test,0.5523178335448106
Scaf/Test,0.8795152698045589
FCD/TestSF,1.0985405860557904
SNN/TestSF,0.5284700429350138
Frag/TestSF,1.0
Scaf/TestSF,0.18348105090596645
IntDiv,0.8615925454305013
IntDiv2,0.8557928847154554
Filters,0.9420666666666667
logP,0.09044805377802145
SA,0.2123785038788154
QED,0.013649909729393991
weight,3.0035600058558733
Novelty,1.0
