valid,1.0
unique@1000,1.0
unique@10000,1.0
FCD/Test,0.7561231575229073
SNN/Test,0.5922276462515195
Scaf/Test,0.745928005234151
IntDiv,0.86108763276879
IntDiv2,0.8549259425444231
Filters,0.9465
logP,0.08049239379880423
SA,0.19882517522091792
QED,0.01188043051234352
weight,3.0133472259480736
Novelty,1.0
