valid,1.0
unique@1000,1.0
unique@10000,1.0
FCD/Test,0.8767555329439176
SNN/Test,0.5480291102131207
Scaf/Test,0.7103880077713275
FCD/TestSF,1.3306916196229395
SNN/TestSF,0.5243157759681344
Frag/TestSF,0.9957358223027252
Scaf/TestSF,0.13766154957945198
IntDiv,0.8606903083853192
IntDiv2,0.8546175771489448
Filters,0.9396666666666667
logP,0.09013392462534699
SA,0.21795453015253025
QED,0.019990978391679178
weight,5.093420690346106
Novelty,1.0
