valid,1.0
unique@1000,1.0
unique@10000,1.0
FCD/Test,0.7111756463930021
SNN/Test,0.5969956440329551
Scaf/Test,0.7572981675508728
IntDiv,0.8592384888798396
IntDiv2,0.8531318719135988
Filters,0.952
logP,0.07112564671334418
SA,0.1628682551283255
QED,0.017234561178135707
weight,3.6469564854597674
Novelty,1.0
