valid,1.0
unique@1000,1.0
unique@10000,1.0
FCD/Test,0.7455147141469922
SNN/Test,0.5936630340044697
Scaf/Test,0.7275822139784907
IntDiv,0.8594795956585142
IntDiv2,0.8533961853837245
Filters,0.944
logP,0.10487619970923767
SA,0.1766641806900553
QED,0.015355079533093516
weight,2.9874232615854903
Novelty,1.0
