valid,1.0
unique@1000,1.0
unique@10000,1.0
FCD/Test,0.7420895956885971
SNN/Test,0.5558943790073196
Scaf/Test,0.7463236997190887
FCD/TestSF,1.2870672736270876
SNN/TestSF,0.5303128594209751
Frag/TestSF,0.9974143897525789
Scaf/TestSF,0.14218846112921224
IntDiv,0.8602039338751369
IntDiv2,0.8540375935473313
Filters,0.9493333333333334
logP,0.11479567348692413
SA,0.16191141595648245
QED,0.012221498293398525
weight,3.3293188219422927
Novelty,1.0
