valid,1.0
unique@1000,1.0
unique@10000,1.0
FCD/Test,0.8768215537486128
SNN/Test,0.5826948711623748
Scaf/Test,0.7225561435088614
IntDiv,0.8606903083853192
IntDiv2,0.8546175771489448
Filters,0.9396666666666667
logP,0.09265645624874577
SA,0.21773872129420987
QED,0.02011865528193174
weight,4.835208608951355
Novelty,1.0
