valid,1.0
unique@1000,1.0
unique@10000,1.0
FCD/Test,0.5286790670548385
SNN/Test,0.5579290742923816
Scaf/Test,0.8889808340393339
FCD/TestSF,1.0041227558579209
SNN/TestSF,0.5330844069192807
Frag/TestSF,1.0
Scaf/TestSF,0.1791098882364558
IntDiv,0.8592992165053728
IntDiv2,0.8535051312687546
Filters,0.9462
logP,0.07133197326280624
SA,0.16246742501707875
QED,0.015424890767921414
weight,3.580658192982118
Novelty,1.0
