valid,1.0
unique@1000,1.0
unique@10000,1.0
FCD/Test,0.5812553283166864
SNN/Test,0.5553841366842389
Scaf/Test,0.8867449827280003
FCD/TestSF,1.1127309602464521
SNN/TestSF,0.5307844180464745
Frag/TestSF,1.0
Scaf/TestSF,0.1800645361248011
IntDiv,0.8603414799135675
IntDiv2,0.8545085711841685
Filters,0.9473666666666667
logP,0.10571077875302438
SA,0.16483120263614628
QED,0.012726883511987695
weight,3.030989015015658
Novelty,1.0
