valid,1.0
unique@1000,1.0
unique@10000,1.0
FCD/Test,0.6047122909870097
SNN/Test,0.5555466462224722
Scaf/Test,0.8794877897476951
FCD/TestSF,1.1102502663294018
SNN/TestSF,0.5319941750938694
Frag/TestSF,1.0
Scaf/TestSF,0.1858185291331953
IntDiv,0.8596002802557543
IntDiv2,0.8538260232838354
Filters,0.9430333333333333
logP,0.10497740483023434
SA,0.1821973209566986
QED,0.016501391036876336
weight,2.704903269602555
Novelty,1.0
