valid,1.0
unique@1000,1.0
unique@10000,1.0
FCD/Test,0.7143891672151881
SNN/Test,0.5484814370756348
Scaf/Test,0.8639220798382383
FCD/TestSF,1.1584131881701438
SNN/TestSF,0.5243489459298551
Frag/TestSF,1.0
Scaf/TestSF,0.2100779247893969
IntDiv,0.860982083186866
IntDiv2,0.8552503058967331
Filters,0.9352666666666667
logP,0.0892278465919406
SA,0.21907008068942527
QED,0.019734766081605654
weight,4.834176325709268
Novelty,1.0
