valid,1.0
unique@1000,1.0
unique@10000,1.0
FCD/Test,0.7357602271348753
SNN/Test,0.5569057506720225
Scaf/Test,0.7117384166328131
FCD/TestSF,1.2147321105305622
SNN/TestSF,0.5320167220433553
Frag/TestSF,0.9972731672712224
Scaf/TestSF,0.13721982976564973
IntDiv,0.8594795956585142
IntDiv2,0.8533961853837245
Filters,0.944
logP,0.10139873028584578
SA,0.17713755379391904
QED,0.015584442039603557
weight,2.810564624691893
Novelty,1.0
