valid,1.0
unique@1000,1.0
unique@10000,1.0
FCD/Test,0.7556008484284433
SNN/Test,0.5940426322072745
Scaf/Test,0.7652236348178734
IntDiv,0.8602039338751369
IntDiv2,0.8540375935473313
Filters,0.9493333333333334
logP,0.11677350188193036
SA,0.16281200248587244
QED,0.012220363777439147
weight,3.58106030302655
Novelty,1.0
