valid,1.0
unique@1000,1.0
unique@10000,1.0
FCD/Test,0.7039800747679692
SNN/Test,0.5586549429098765
Scaf/Test,0.7412730478060849
FCD/TestSF,1.2273635344748186
SNN/TestSF,0.5324412455732623
Frag/TestSF,0.9973945214643072
Scaf/TestSF,0.13888338061425176
IntDiv,0.8592384888798396
IntDiv2,0.8531318719135988
Filters,0.952
logP,0.07175922480862218
SA,0.16304577394960154
QED,0.017212976320466738
weight,3.797464767531456
Novelty,1.0
