valid,1.0
unique@1000,1.0
unique@10000,1.0
FCD/Test,0.2831245851811133
SNN/Test,0.6382688302149375
Scaf/Test,0.7537984476905425
IntDiv,0.856133483601888
IntDiv2,0.8499502883882499
Filters,0.993
logP,0.05453769107226492
SA,0.019327621551376874
QED,0.004050505693485512
weight,4.48897634655948
Novelty,1.0
