valid,1.0
unique@1000,1.0
unique@10000,1.0
FCD/Test,0.31253472512496216
SNN/Test,0.6339891638606787
Scaf/Test,0.750670186974244
IntDiv,0.8567380260134803
IntDiv2,0.8504913918738415
Filters,0.9946666666666667
logP,0.07378053321427747
SA,0.036840544097684044
QED,0.0077615468036532215
weight,2.861622616492273
Novelty,1.0
