valid,1.0
unique@1000,1.0
unique@10000,1.0
FCD/Test,0.3323978036620616
SNN/Test,0.6322809024800857
Scaf/Test,0.7450806442783142
IntDiv,0.8586255476152632
IntDiv2,0.852373085553456
Filters,0.9923333333333333
logP,0.05148936454635349
SA,0.048908755987890226
QED,0.007050142898661414
weight,4.3775820178758185
Novelty,1.0
