valid,1.0
unique@1000,1.0
unique@10000,1.0
FCD/Test,0.31366694994922284
SNN/Test,0.6370673951456944
Scaf/Test,0.7673138439785621
IntDiv,0.855339284280565
IntDiv2,0.8491055813717268
Filters,0.995
logP,0.037459182075009465
SA,0.008437468452178385
QED,0.008267317810003899
weight,3.064202325642379
Novelty,1.0
