valid,1.0
unique@1000,1.0
unique@10000,1.0
FCD/Test,0.2702707477718036
SNN/Test,0.6341450745910406
Scaf/Test,0.769128236722133
IntDiv,0.8570112349500656
IntDiv2,0.8507639865750296
Filters,0.995
logP,0.09341519883556487
SA,0.027134168315316353
QED,0.004524833738579479
weight,2.835563356621351
Novelty,1.0
