valid,1.0
unique@1000,1.0
unique@10000,1.0
FCD/Test,6.676715686164407
SNN/Test,0.33560796015212935
Scaf/Test,0.20516808299439793
IntDiv,0.8830391049274339
IntDiv2,0.878420739841826
Filters,0.5561666666666667
logP,0.16293766241783275
SA,0.9585178957109027
QED,0.0355491174309647
weight,4.716355786532059
Novelty,1.0
