valid,1.0
unique@1000,1.0
FCD/Test,6.8487783770065676
SNN/Test,0.33383131464819116
Scaf/Test,0.21495078026582737
IntDiv,0.8839935655357573
IntDiv2,0.8793280840670207
Filters,0.552
logP,0.3188000745770295
SA,0.9646016070013673
QED,0.03497502959017473
weight,8.991030745736786
Novelty,1.0
