valid,1.0
unique@1000,1.0
unique@10000,1.0
FCD/Test,7.147815140092575
SNN/Test,0.3350552243366838
Scaf/Test,0.20716545045164747
IntDiv,0.8842407029329405
IntDiv2,0.8795211516681214
Filters,0.566
logP,0.14300233403238674
SA,0.9149617161348624
QED,0.037723399848779024
weight,9.920236066466055
Novelty,1.0
