valid,1.0
unique@1000,1.0
unique@10000,1.0
FCD/Test,7.2801031550827275
SNN/Test,0.33473680380483467
Scaf/Test,0.2204719351951291
IntDiv,0.8814933331563208
IntDiv2,0.8770037165244674
Filters,0.5451666666666667
logP,0.1745654260439341
SA,0.9349603273887696
QED,0.05362242113246867
weight,4.738299451915168
Novelty,1.0
