valid,1.0
unique@1000,1.0
unique@10000,1.0
FCD/Test,1.2053345880951412
SNN/Test,0.4127616865411401
Scaf/Test,0.22183233680336245
IntDiv,0.867490942513413
IntDiv2,0.862165137219374
Filters,0.8173333333333334
logP,0.18480242517889703
SA,0.07602156310608053
QED,0.024955288547967757
weight,13.72515274553375
Novelty,1.0
