valid,1.0
unique@1000,1.0
unique@10000,1.0
FCD/Test,1.2778529930276363
SNN/Test,0.4212873671228687
Scaf/Test,0.31777019439031373
IntDiv,0.8694428783276876
IntDiv2,0.8637087114062918
Filters,0.831
logP,0.1473340013006299
SA,0.03158382275743093
QED,0.013207680060240213
weight,14.249332916776854
Novelty,1.0
