valid,1.0
unique@1000,1.0
unique@10000,1.0
FCD/Test,1.2179705550087903
SNN/Test,0.4193456876302759
Scaf/Test,0.28006047055393557
IntDiv,0.8687596418055428
IntDiv2,0.8632741570658578
Filters,0.8358333333333333
logP,0.12977634209241112
SA,0.034029209519758234
QED,0.017433087880051212
weight,7.742378932923317
Novelty,1.0
