valid,1.0
unique@1000,1.0
unique@10000,1.0
FCD/Test,3.3254450712277617
SNN/Test,0.3764287627935409
Scaf/Test,0.22897689181811143
IntDiv,0.8739997499330574
IntDiv2,0.8692383874240475
Filters,0.6795
logP,0.14911263224967308
SA,0.5241993321970091
QED,0.022163097737105394
weight,6.58085618492838
Novelty,1.0
