valid,1.0
unique@1000,1.0
unique@10000,1.0
FCD/Test,2.9471964099388543
SNN/Test,0.37787994631628197
Scaf/Test,0.2483492025898062
IntDiv,0.8771342945891486
IntDiv2,0.8721899654889617
Filters,0.6788333333333333
logP,0.13784052336428176
SA,0.4672597167019135
QED,0.01082529117080847
weight,5.356155991274796
Novelty,1.0
