valid,1.0
unique@1000,1.0
unique@10000,1.0
FCD/Test,3.090183614407465
SNN/Test,0.3753146954377492
Scaf/Test,0.29237437118390863
IntDiv,0.8758891332213083
IntDiv2,0.8710745282443625
Filters,0.6741666666666667
logP,0.15135177171979672
SA,0.4878754913586813
QED,0.05526366879268636
weight,13.673697233169692
Novelty,1.0
