valid,1.0
unique@1000,1.0
unique@10000,1.0
FCD/Test,0.9683303314985494
SNN/Test,0.4592113176882267
Scaf/Test,0.33116852769027694
IntDiv,0.8681866100605858
IntDiv2,0.8628259111433635
Filters,0.8441666666666666
logP,0.11241397440938955
SA,0.01595573897691244
QED,0.005068894171073883
weight,3.0043832340553918
Novelty,1.0
