valid,1.0
unique@1000,1.0
unique@10000,1.0
FCD/Test,0.990186230851009
SNN/Test,0.4551485405042768
Scaf/Test,0.35565775327510263
IntDiv,0.8685850795592203
IntDiv2,0.8631653891402044
Filters,0.8445
logP,0.11856302635975362
SA,0.016409050776379486
QED,0.009402042985019593
weight,7.4046055743707875
Novelty,1.0
