valid,1.0
unique@1000,1.0
unique@10000,1.0
FCD/Test,3.7017636037351167
SNN/Test,0.3656913182710608
Scaf/Test,0.21808527524909127
IntDiv,0.877350618970977
IntDiv2,0.8725875119202695
Filters,0.6641666666666667
logP,0.13481586753543304
SA,0.567301311878216
QED,0.03005925933229336
weight,5.476238783609002
Novelty,1.0
