valid,1.0
unique@1000,1.0
unique@10000,1.0
FCD/Test,3.373066978120505
SNN/Test,0.37063312403857707
Scaf/Test,0.23919153067980714
IntDiv,0.8781372056617737
IntDiv2,0.8732777171567584
Filters,0.6596666666666666
logP,0.39055961197770056
SA,0.554293559562074
QED,0.01438576954336513
weight,6.828754161487021
Novelty,1.0
