valid,1.0
unique@1000,1.0
unique@10000,1.0
FCD/Test,3.9010504348756
SNN/Test,0.3638527805979053
Scaf/Test,0.2438711137848083
IntDiv,0.8784989194800059
IntDiv2,0.873732674180159
Filters,0.6555
logP,0.1438650314947352
SA,0.6290582636105215
QED,0.02553370092975084
weight,4.267670803543418
Novelty,1.0
