valid,1.0
unique@1000,1.0
unique@10000,1.0
FCD/Test,0.6051922885599907
SNN/Test,0.5105202777534723
Scaf/Test,0.4072662130420781
IntDiv,0.868104217859904
IntDiv2,0.862663598845349
Filters,0.8596666666666667
logP,0.05931939920055869
SA,0.010953211226979915
QED,0.006942523814875805
weight,1.3566380092653414
Novelty,1.0
