valid,1.0
unique@1000,1.0
unique@10000,1.0
FCD/Test,0.6542709329010279
SNN/Test,0.5088566121434172
Scaf/Test,0.42339569819376666
IntDiv,0.8724559657556745
IntDiv2,0.8668552622944332
Filters,0.832
logP,0.05427353814409768
SA,0.015679912623842742
QED,0.01575374866941043
weight,9.48764356027478
Novelty,1.0
