valid,1.0
unique@1000,1.0
unique@10000,1.0
FCD/Test,0.6040663947780445
SNN/Test,0.5147043190672994
Scaf/Test,0.4029814776005538
IntDiv,0.8703609902710385
IntDiv2,0.8648375756496194
Filters,0.8566666666666667
logP,0.06588683298067267
SA,0.01956761028028456
QED,0.010122805916105405
weight,8.506376731508327
Novelty,1.0
