valid,1.0
unique@1000,1.0
unique@10000,1.0
FCD/Test,0.3405888461656019
SNN/Test,0.5667111677030723
Scaf/Test,0.6992158666079222
FCD/TestSF,0.8098965163064804
SNN/TestSF,0.5413449987297256
Frag/TestSF,0.9964915394657855
Scaf/TestSF,0.23303837354695722
IntDiv,0.8579691839675904
IntDiv2,0.8517775551315594
Filters,0.991
logP,0.07697317155411935
SA,0.048446683804715736
QED,0.004925892966276667
weight,3.386044357603434
Novelty,1.0
