valid,1.0
unique@1000,1.0
unique@10000,1.0
FCD/Test,0.36763129509895975
SNN/Test,0.5662153259764116
Scaf/Test,0.7692499539521015
FCD/TestSF,0.8039975032775573
SNN/TestSF,0.5435968720714252
Frag/TestSF,0.9982995687896147
Scaf/TestSF,0.13443797794296264
IntDiv,0.8569873556933933
IntDiv2,0.8507501748349222
Filters,0.9888333333333333
logP,0.0728315663019716
SA,0.04193176115153932
QED,0.0019482494175490203
weight,4.064969450187614
Novelty,1.0
