valid,1.0
unique@1000,1.0
unique@10000,1.0
FCD/Test,0.3502008458116421
SNN/Test,0.5685360382298629
Scaf/Test,0.681809421687322
FCD/TestSF,0.678474915378942
SNN/TestSF,0.5450793306554357
Frag/TestSF,0.9961225384320209
Scaf/TestSF,0.17071024335424012
IntDiv,0.85686506271659
IntDiv2,0.8507603220086862
Filters,0.9901666666666666
logP,0.06754151540872973
SA,0.04414237213407441
QED,0.005450224319006635
weight,4.406536363315049
Novelty,1.0
