valid,1.0
unique@1000,1.0
unique@10000,1.0
FCD/Test,0.36664203624647485
SNN/Test,0.5683793427124619
Scaf/Test,0.7168249902695419
FCD/TestSF,0.7100040501095322
SNN/TestSF,0.5465154316946864
Frag/TestSF,0.9980890332703565
Scaf/TestSF,0.18301794357847534
IntDiv,0.8565304952206082
IntDiv2,0.85036686042581
Filters,0.993
logP,0.08769592306189454
SA,0.02521510411699725
QED,0.004339079289102874
weight,3.3903623341814635
Novelty,1.0
