valid,1.0
unique@1000,1.0
unique@10000,1.0
FCD/Test,0.33567479760607455
SNN/Test,0.5708621967484554
Scaf/Test,0.7519106701229308
FCD/TestSF,0.7107314307545636
SNN/TestSF,0.5462922238012154
Frag/TestSF,0.9979132209315086
Scaf/TestSF,0.16470688609881723
IntDiv,0.8548438460654153
IntDiv2,0.8486995479693783
Filters,0.9896666666666667
logP,0.08679440447906382
SA,0.03904466866391422
QED,0.0023760773072139707
weight,3.50426167012923
Novelty,1.0
